insert into cliente (id_cliente, nombre, apellidos, email, telefono, password, direccion, municipio, dni) values (1, 'NAYAN', 'MATESANZ', 'kheckle0@theguardian.com', '+62-945-315-1504', 'qLJQM8o7D', 'Calle de la Fuente', ' Huelva', '02074981R');
insert into cliente (id_cliente, nombre, apellidos, email, telefono, password, direccion, municipio, dni) values (2, 'JOSE APOLINAR', 'FERIA', 'egebhard1@de.vu', '+385-722-164-1596', 'WepmewSz77Mi', 'Calle del Cid', ' Jerez de la Frontera', '27429467L');
insert into cliente (id_cliente, nombre, apellidos, email, telefono, password, direccion, municipio, dni) values (3, 'SANTIAGO CARLOS', 'SOUTELO', 'cparminter2@nbcnews.com', '+351-167-685-1405', 'UqStOKQ', 'Avenida de las Palmeras', ' Algeciras', '21022292I');
insert into cliente (id_cliente, nombre, apellidos, email, telefono, password, direccion, municipio, dni) values (4, 'FERNANDO FRANCISCO', 'JANSEN', 'bbrickell3@adobe.com', '+62-501-699-5080', 'i3UxU6BuDE3', 'Paseo del Parque', ' Fuengirola', '10519801T');
insert into cliente (id_cliente, nombre, apellidos, email, telefono, password, direccion, municipio, dni) values (5, 'CIPRIANO MANUEL', 'ANERO', 'awidocks4@biglobe.ne.jp', '+86-815-841-0803', 'xSNcwvf2FdK7', 'Calle de la Cruz', ' Granada', '16031422H');
insert into cliente (id_cliente, nombre, apellidos, email, telefono, password, direccion, municipio, dni) values (6, 'PERRY', 'JODRA', 'glukasen5@patch.com', '+359-731-384-7911', 'xYd2PLpnC0', 'Calle de la Estrella', ' Loja', '77863022S');
insert into cliente (id_cliente, nombre, apellidos, email, telefono, password, direccion, municipio, dni) values (7, 'VICENT LLUIS', 'BOSCA', 'wramm6@bravesites.com', '+86-211-217-7615', 'LCEZcTVy5OZ', 'Avenida de la Palmera', ' Córdoba', '24017762I');
insert into cliente (id_cliente, nombre, apellidos, email, telefono, password, direccion, municipio, dni) values (8, 'FELIX SALVADOR', 'NASIR', 'igulk7@bloglovin.com', '+1-392-646-3655', '8JJjfKm', 'Calle de la Victoria', ' Sanlúcar de Barrameda', '60943653Q');
insert into cliente (id_cliente, nombre, apellidos, email, telefono, password, direccion, municipio, dni) values (9, 'ESPIRIDION', 'ESPUÑES', 'lspadotto8@wisc.edu', '+48-621-518-4699', 'EyOCw5xx', 'Paseo de la Rambla', ' Campillos', '67860631I');
insert into cliente (id_cliente, nombre, apellidos, email, telefono, password, direccion, municipio, dni) values (10, 'DANIEL FERMIN', 'BEISTEGUI', 'ldee9@cbsnews.com', '+55-540-675-2904', 'uNuFoOl4KoLe', 'Paseo de la Alameda', ' Málaga', '22917314S');
insert into cliente (id_cliente, nombre, apellidos, email, telefono, password, direccion, municipio, dni) values (11, 'SALVADOR ALFONSO', 'DE MARCOS', 'rtonna@1688.com', '+351-413-825-0053', 'zUdV62zRu7hp', 'Paseo de la Estación', ' Antequera', '34563023X');
insert into cliente (id_cliente, nombre, apellidos, email, telefono, password, direccion, municipio, dni) values (12, 'JOSE HERMINIO', 'SUAÑA', 'vabbieb@vistaprint.com', '+62-466-929-3481', 'udqQTKzxcQsb', 'Calle de la Iglesia', ' Albox', '99344164W');
insert into cliente (id_cliente, nombre, apellidos, email, telefono, password, direccion, municipio, dni) values (13, 'JULIAN CESAR', 'ESPLUGAS', 'mpurslowc@unc.edu', '+381-697-817-4437', 'DVP4KB9Ujs', 'Calle del Castillo', ' Lebrija', '67576779K');

insert into trabajador (id, sueldo, dni, direccion, nombre, apellidos, telefono, municipio, password, email) values (1, 3893, '70949233M', 'Calle de la Estrella', 'JUAN NICASIO', 'ARDUENGO', '+63-437-649-4027', ' Loja', '12345', 'juan1@gmail.com');
insert into trabajador (id, sueldo, dni, direccion, nombre, apellidos, telefono, municipio, password, email) values (2, 1491, '15340247M', 'Calle del Mar', 'LEANDRO', 'BLANCA', '+86-491-451-5949', ' Almería', '12345', 'lean2@gmail.com');
insert into trabajador (id, sueldo, dni, direccion, nombre, apellidos, telefono, municipio, password, email) values (3, 4074, '03643730P', 'Calle de la Palmera', 'MANUEL AMABLE', 'BASILE', '+51-819-547-0382', ' San Fernando', '12345', 'manuel3@gmail.com');
insert into trabajador (id, sueldo, dni, direccion, nombre, apellidos, telefono, municipio, password, email) values (4, 7613, '91197269L', 'Plaza de la Constitución', 'FELIX NICOLAS', 'FAS', '+351-635-636-7629', ' Almuñécar', '12345', 'feli4@gmail.com');
insert into trabajador (id, sueldo, dni, direccion, nombre, apellidos, telefono, municipio, password, email) values (5, 6655, '33890902T', 'Calle de la Catedral', 'RODRIGO', 'ARBAIZA', '+374-290-186-2228', ' Carmona', '12345', 'rodrigo5@gmail.com');

insert into venta (id_venta, fecha, trabajador_id, cliente_id_cliente) values (1, '2022-02-08', 2, 108);
insert into venta (id_venta, fecha, trabajador_id, cliente_id_cliente) values (2, '2021-05-09', 3, 20);
insert into venta (id_venta, fecha, trabajador_id, cliente_id_cliente) values (3, '2021-02-25', 5, 191);
insert into venta (id_venta, fecha, trabajador_id, cliente_id_cliente) values (4, '2022-04-03', 2, 163);
insert into venta (id_venta, fecha, trabajador_id, cliente_id_cliente) values (5, '2020-07-19', 3, 61);
insert into venta (id_venta, fecha, trabajador_id, cliente_id_cliente) values (6, '2022-02-28', 1, 20);
insert into venta (id_venta, fecha, trabajador_id, cliente_id_cliente) values (7, '2022-02-10', 4, 17);
insert into venta (id_venta, fecha, trabajador_id, cliente_id_cliente) values (8, '2022-10-27', 3, 90);
insert into venta (id_venta, fecha, trabajador_id, cliente_id_cliente) values (9, '2023-03-14', 2, 11);
insert into venta (id_venta, fecha, trabajador_id, cliente_id_cliente) values (10, '2021-07-24', 3, 196);
insert into venta (id_venta, fecha, trabajador_id, cliente_id_cliente) values (11, '2022-10-01', 5, 24);
insert into venta (id_venta, fecha, trabajador_id, cliente_id_cliente) values (12, '2021-12-25', 4, 48);
insert into venta (id_venta, fecha, trabajador_id, cliente_id_cliente) values (13, '2021-12-04', 1, 236);
insert into venta (id_venta, fecha, trabajador_id, cliente_id_cliente) values (14, '2020-12-17', 4, 107);
insert into venta (id_venta, fecha, trabajador_id, cliente_id_cliente) values (15, '2022-12-08', 2, 123);
insert into venta (id_venta, fecha, trabajador_id, cliente_id_cliente) values (16, '2022-07-25', 2, 297);
insert into venta (id_venta, fecha, trabajador_id, cliente_id_cliente) values (17, '2020-06-13', 2, 140);
insert into venta (id_venta, fecha, trabajador_id, cliente_id_cliente) values (18, '2022-09-27', 1, 71);
insert into venta (id_venta, fecha, trabajador_id, cliente_id_cliente) values (19, '2021-03-10', 3, 151);
insert into venta (id_venta, fecha, trabajador_id, cliente_id_cliente) values (20, '2022-03-06', 2, 115);
insert into venta (id_venta, fecha, trabajador_id, cliente_id_cliente) values (21, '2022-11-07', 2, 91);
insert into venta (id_venta, fecha, trabajador_id, cliente_id_cliente) values (22, '2021-09-29', 1, 141);
insert into venta (id_venta, fecha, trabajador_id, cliente_id_cliente) values (23, '2022-03-14', 3, 185);
insert into venta (id_venta, fecha, trabajador_id, cliente_id_cliente) values (24, '2022-03-16', 1, 195);
insert into venta (id_venta, fecha, trabajador_id, cliente_id_cliente) values (25, '2022-09-15', 2, 94);
insert into venta (id_venta, fecha, trabajador_id, cliente_id_cliente) values (26, '2020-08-16', 5, 286);



/*UPDATE lineaVenta SET pvp = (SELECT ROUND((precio_base*1.20),2) FROM articulo  WHERE articulo.id_articulo = lineaVenta.id_articulo);*/

ALTER SEQUENCE hibernate_sequence RESTART WITH 1050;