insert into PRODUCTO (id_articulo, marca, nombre, categoria, descripcion) values (1, 'yamaha', 'R1M', 'SuperSport', 'Yamaha ha creado la R1M de competición utilizando algunas de las tecnologías más sofisticadas desarrolladas a partir de la ganadora M1 de MotoGP.');
insert into PRODUCTO (id_articulo, marca, nombre, categoria, descripcion) values (2, 'yamaha', 'R3', 'SuperSport', 'La carrocería estilizada y atlética de la R3 incorpora una toma de admisión de aire central inspirada en la emblemática máquina M1 de MotoGP® ganadora de Yamaha.');
insert into PRODUCTO (id_articulo, marca, nombre, categoria, descripcion) values (3, 'honda', 'CBR650R', 'SuperSport', 'Una moto para competidores natos. Diseñada con una extraordinaria aerodinámica, la CBR650R —con suspensión, equipamiento y mejoras de estilo');
insert into PRODUCTO (id_articulo, marca, nombre, categoria, descripcion) values (4, 'honda', 'CBR500R', 'SuperSport', '¿Por qué competir? Para mejorar. Es lo que siempre hemos hecho. Y esta es la razón: la CBR500R es una motocicleta de permiso A2, pero también una CBR en cada milímetro cuadrado.');
insert into PRODUCTO (id_articulo, marca, nombre, categoria, descripcion) values (5, 'yamaha', 'MT-10', 'Nacked', 'La reina de la gama MT exige un respeto total, y lo primero que llamará tu atención es el nuevo conjunto compacto de faros delanteros y el depósito rediseñado que resaltan la extraordinaria belleza mecánica de la MT-10. ');
insert into PRODUCTO (id_articulo, marca, nombre, categoria, descripcion) values (6, 'yamaha', 'MT-03', 'Nacked', 'Su aspecto agresivo, inspirado en las Hyper Naked de mayor cilindrada grandes de Yamaha, es más MT que nunca.');
insert into PRODUCTO (id_articulo, marca, nombre, categoria, descripcion) values (7, 'honda', 'CB1000R', 'Nacked', 'La Neo Sports Café ha evolucionado. Comenzando con la CB1000R; completamente renovada, desde el elegante faro hasta el subchasis de aluminio remodelado, de carácter individual y agresivo.');
insert into PRODUCTO (id_articulo, marca, nombre, categoria, descripcion) values (8, 'honda', 'CB300R', 'Nacked', '¿Buscas una nueva sensación? Añádele un extra en la conducción gracias a su peso liviano impulsado por una gran potencia con capacidad de respuesta rápida.');
insert into PRODUCTO (id_articulo, marca, nombre, categoria, descripcion) values (9, 'honda', 'CRF450R', 'offRoad' ,'Llevamos 50 años compitiendo en motocross. Altos y bajos, lo hemos tenido todo y hemos asumido cada momento. Ganar el fin de semana es lo que nos impulsa.');
insert into PRODUCTO (id_articulo, marca, nombre, categoria, descripcion) values (10, 'yamaha', 'YZ450F', 'offRoad' ,'Esta es la Yamaha de motocross que estabas esperando. Más ligera, más rápida y más potente, la nueva YZ450F es un nuevo tipo de máquina que ha sido desarrollada contigo, el piloto, como principal objetivo en mente.');
insert into PRODUCTO (id_articulo, marca, nombre, categoria, descripcion) values (11, 'yamaha', 'TMAX', 'Scooter' ,'El TMAX es el rey indiscutible de los scooters. Es el scooter deportivo más vendido en Europa desde el lanzamiento del modelo original en 2001.');
insert into PRODUCTO (id_articulo, marca, nombre, categoria, descripcion) values (12, 'honda', 'Forza 750', 'Scooter' ,'La Forza 750 está repleta de tecnología avanzada y rendimiento deportivo refinado, caracterizada por un estilo contemporáneo que llama la atención.');
insert into PRODUCTO (id_articulo, marca, nombre, categoria, descripcion) values (13, 'Suzuki', 'V-Strom 650', 'Nacked', 'Una motocicleta adventure con un motor V-twin de 645cc y características de viaje cómodas, como un parabrisas ajustable y un asiento cómodo.');
insert into PRODUCTO (id_articulo, marca, nombre, categoria, descripcion) values (14, 'Kawasaki', 'Ninja H2 SX SE', 'SuperSport', 'Una motocicleta superbike con un motor sobrealimentado de 998cc y una electrónica avanzada, incluyendo un sistema de control de tracción de varios niveles.');
insert into PRODUCTO (id_articulo, marca, nombre, categoria, descripcion) values (15, 'KTM', '1290 Super Duke R', 'Nacked', 'Una motocicleta streetfighter con un motor V-twin de 1,301cc y una suspensión WP ajustable para una conducción dinámica.');
insert into PRODUCTO (id_articulo, marca, nombre, categoria, descripcion) values (16, 'Kawasaki', 'Ninja 400', 'Nacked', 'La Kawasaki Ninja 400 es una motocicleta deportiva con un motor de 4 tiempos y 2 cilindros que produce 45 caballos de fuerza.');
insert into PRODUCTO (id_articulo, marca, nombre, categoria, descripcion) values (17, 'Yamaha', 'R6', 'SuperSport', 'Moto deportiva de alto rendimiento con motor de 600cc y chasis de aluminio');
insert into PRODUCTO (id_articulo, marca, nombre, categoria, descripcion) values (18, 'Honda', 'CBR1000RR-R', 'SuperSport', 'Una motocicleta deportiva de alto rendimiento con un motor de cuatro cilindros en línea y 999 cc de cilindrada');
insert into PRODUCTO (id_articulo, marca, nombre, categoria, descripcion) values (19, 'Yamaha', 'MT-07', 'Naked', 'Una motocicleta naked con un motor bicilíndrico en línea y 689 cc de cilindrada, perfecta para conducción urbana y de carretera');
insert into PRODUCTO (id_articulo, marca, nombre, categoria, descripcion) values (20, 'Yamaha', 'X-MAX 300', 'Scooter', 'Si nos fijamos en todo lo que ofrece la XMAX 300, no es de extrañar que este elegante scooter deportivo sea uno de los modelos más vendidos de su clase');
insert into PRODUCTO (id_articulo, marca, nombre, categoria, descripcion) values (21, 'yamaha', 'Guantes MX', 'ropa' ,'Con el acolchado ergonómico en las palmas, los puños elásticos y un tejido superior transpirable y extensible.');
insert into PRODUCTO (id_articulo, marca, nombre, categoria, descripcion) values (22, 'yamaha', 'Guantes Enduro', 'ropa' ,'Los guantes Enduro para hombre, imprescindibles para las duras aventuras off-road, ofrecen protección, ventilación y comodidad.');
insert into PRODUCTO (id_articulo, marca, nombre, categoria, descripcion) values (23, 'yamaha', 'Chaqueta de carretera', 'ropa' ,'La elegante chaqueta de carretera Urban de Yamaha es ideal para la vida en la ciudad y es perfecta tanto si vas en moto como si no. ');
insert into PRODUCTO (id_articulo, marca, nombre, categoria, descripcion) values (24, 'honda', 'Pantalones Adventure', 'ropa' ,'Pantalones de carretera Adventure de primera calidad diseñados para combinarlos con la chaqueta Adventure Rally.');
insert into PRODUCTO (id_articulo, marca, nombre, categoria, descripcion) values (25, 'yamaha', 'Bolsa interior para Top Case', 'equipo' ,'Bolsa flexible que se ajusta al interior del Top Case Yamaha de 34 L');
insert into PRODUCTO (id_articulo, marca, nombre, categoria, descripcion) values (26, 'yamaha', 'Calcetines', 'ropa','Calcetines largos para botas MX con diseño Yamaha Racing. ¡Un accesorio esencial para cualquier aventura MX!');
insert into PRODUCTO (id_articulo, marca, nombre, categoria, descripcion) values (27, 'Alpinestars', 'Chaqueta GP Plus R V2', 'ropa', 'Chaqueta de cuero para motocicleta con protecciones desmontables y paneles de malla para mayor ventilación');
insert into PRODUCTO (id_articulo, marca, nombre, categoria, descripcion) values (28, 'Shoei', 'X-Fourteen', 'casco', 'Casco de moto integral de alta gama con una carcasa externa de fibra de vidrio y carbono para la máxima protección');
insert into PRODUCTO (id_articulo, marca, nombre, categoria, descripcion) values (29, 'DEXTER', 'PROTON', 'casco', 'Este casco integral cuenta con una estética increíble, un diseño compacto y cómodo, calota fabricada en EPS de múltiple densidad e incluye anti-vaho.');
insert into PRODUCTO (id_articulo, marca, nombre, categoria, descripcion) values (30, 'HJC', 'RPHA 70', 'casco', 'Este es el casco integral perfecto para el turismo deportivo, con un diseño súper deportivo pero con un enfoque de uso en tu vida cotidiana.');
insert into PRODUCTO (id_articulo, marca, nombre, categoria, descripcion) values (31, 'Shoei', 'NEOTEC', 'casco', '¿Buscas un casco modular de diseño más dinámico, con una comodidad mejorada y con innovaciones técnicas? Shoei presenta su casco modular Neotec II:');
INSERT INTO PRODUCTO (id_articulo, marca, nombre, categoria, descripcion) VALUES (32, 'Alpinestars', 'Guantes SP-8 V2', 'ropa', 'Guantes de moto de cuero con protecciones de nudillos y muñeca ajustable.');
INSERT INTO PRODUCTO (id_articulo, marca, nombre, categoria, descripcion) VALUES (33, 'Shoei', 'Casco GT-Air II', 'casco', 'Casco de moto integral con visor solar integrado y sistema de ventilación avanzado.');
INSERT INTO PRODUCTO (id_articulo, marca, nombre, categoria, descripcion) VALUES (34, 'Dainese', 'Chaqueta Avro D2', 'ropa', 'Chaqueta de moto de cuero con protecciones en codos y hombros, y forro térmico desmontable.');
INSERT INTO PRODUCTO (id_articulo, marca, nombre, categoria, descripcion) VALUES (35, 'Brembo', 'Kit de frenos RCS 19', 'equipo', 'Sistema de frenos para moto con maneta ajustable y cilindro maestro de 19mm.');
INSERT INTO PRODUCTO (id_articulo, marca, nombre, categoria, descripcion) VALUES (36, 'Michelin', 'Neumático Power 5', 'equipo', 'Neumático para moto de alto rendimiento en carretera, con tecnología de agarre en mojado y durabilidad mejorada.');
INSERT INTO PRODUCTO (id_articulo, marca, nombre, categoria, descripcion) VALUES (37, 'Bridgestone', 'Neumático Battlax S22', 'equipo', 'Neumático para moto de alto rendimiento en carretera y circuito, con diseño asimétrico que optimiza la tracción en la parte trasera y la estabilidad en la parte delantera.');

insert into personalizacion (id_articulo, color) values (38, 'blanco');
insert into personalizacion (id_articulo, color) values (39, 'negro');
insert into personalizacion (id_articulo, color) values (40, 'azul perlado');
insert into personalizacion (id_articulo, color) values (41, 'rojo corsa');
insert into personalizacion (id_articulo, color) values (42, 'naraja racing');

insert into motocicleta (id_articulo, num_bastidor, peso, cilindrada) values (1,'ASHF291747', 200, 998);
insert into motocicleta (id_articulo, num_bastidor, peso, cilindrada) values (2,'ASSI924167', 230, 321);
insert into motocicleta (id_articulo, num_bastidor, peso, cilindrada) values (3,'OHSG742719', 208, 649);
insert into motocicleta (id_articulo, num_bastidor, peso, cilindrada) values (4,'ABIFL47658', 218, 998);
insert into motocicleta (id_articulo, num_bastidor, peso, cilindrada) values (5,'ASFIA38395', 205, 320);
insert into motocicleta (id_articulo, num_bastidor, peso, cilindrada) values (6,'IUSGS60780', 168, 321);
insert into motocicleta (id_articulo, num_bastidor, peso, cilindrada) values (7,'OIRUJ93289', 212, 143);
insert into motocicleta (id_articulo, num_bastidor, peso, cilindrada) values (8,'JAFÑSA4171', 205, 130);
insert into motocicleta (id_articulo, num_bastidor, peso, cilindrada) values (9,'JAFHOI8795', 110, 56);
insert into motocicleta (id_articulo, num_bastidor, peso, cilindrada) values (10,'OUAHF78418', 100, 54);
insert into motocicleta (id_articulo, num_bastidor, peso, cilindrada) values (11,'OUAHF78418', 219, 47);
insert into motocicleta (id_articulo, num_bastidor, peso, cilindrada) values (12,'SAGSG61479', 239, 51);
insert into motocicleta (id_articulo, num_bastidor, peso, cilindrada) values (13, 'JH2R245253', 192, 649);
insert into motocicleta (id_articulo, num_bastidor, peso, cilindrada) values (14, 'MH3RH32523', 182, 847);
insert into motocicleta (id_articulo, num_bastidor, peso, cilindrada) values (15, 'JS1V235352', 215, 996);
insert into motocicleta (id_articulo, num_bastidor, peso, cilindrada) values (16, 'JKBZX32532', 238, 1441);
insert into motocicleta (id_articulo, num_bastidor, peso, cilindrada) values (17, 'ZD4RCC00X5', 205, 1078);
insert into motocicleta (id_articulo, num_bastidor, peso, cilindrada) values (18, 'AHF6ABAF87', 218, 990);
insert into motocicleta (id_articulo, num_bastidor, peso, cilindrada) values (19, 'OPO5N6O43N', 205,720);
insert into motocicleta (id_articulo, num_bastidor, peso, cilindrada) values (20, '903NGFOPNB', 170, 460);

insert into accesorio (id_articulo, caracteristicas) values (21, 'Tejido elástico transpirable en la parte superior, Palma acolchada ergonómica, Puños elásticos, Marca conjunta de Yamaha y Alpinestars');
insert into accesorio (id_articulo, caracteristicas) values (22, 'Parches de goma termoplástica (TPR), Refuerzo en palmas y pulgares, Protecciones de nudillos, Cierre con velcro en los puños');
insert into accesorio (id_articulo, caracteristicas) values (23, 'Capucha extraíble, 2 exterior and 2 interior pockets, Protectores de hombros y codos de nivel CE, CE level back protector');
insert into accesorio (id_articulo, caracteristicas) values (24, 'Poliéster Oxford duradero, Diseño para botas.');
insert into accesorio (id_articulo, caracteristicas) values (25, 'Permite cargar y descargar el contenido del Top Case con facilidad, Incluye correa para transportarlo con facilidad');
insert into accesorio (id_articulo, caracteristicas) values (26, 'Talón y pie reforzados, Cómodos y duraderos, Hasta la rodilla');
insert into accesorio (id_articulo, caracteristicas) values (27, 'Protectores Bio Armor desmontables en hombros y codos certificados CE. Deslizaderas GP LITE de TPU inyectado en los hombros con recubrimiento de piel.');
insert into accesorio (id_articulo, caracteristicas) values (28, 'Sistema interior personalizado 3D Max-Dry.Clip de correa de barbilla estándar. Escudo CWR-F y sistema QR-E.');
insert into accesorio (id_articulo, caracteristicas) values (29, 'Calota interna de densidad múltiple que garantiza la seguridad, Cierre de anilla micrométrica para un ajuste rápido y fácil');
insert into accesorio (id_articulo, caracteristicas) values (30, 'Guarda barbilla, deflector de respiración, juego de placas de mecanismo');
insert into accesorio (id_articulo, caracteristicas) values (31, 'Calota multifibra AIM, Sistema EPS de absorción de impactos, Sistema de Bloqueo 360, Cierre de seguridad Micrométrico');
INSERT INTO accesorio (id_articulo, caracteristicas) VALUES (32, 'Guantes de cuero para motociclista con protección en nudillos y diseño ergonómico para mayor comodidad.');
INSERT INTO accesorio (id_articulo, caracteristicas) VALUES (33, 'Casco de motocicleta integral con sistema de ventilación ajustable y visor solar desplegable.');
INSERT INTO accesorio (id_articulo, caracteristicas) VALUES (34, 'Chaqueta de cuero para motociclista con protecciones desmontables en hombros y codos y bolsillos internos para mayor almacenamiento.');
INSERT INTO accesorio (id_articulo, caracteristicas) VALUES (35, 'Sistema de frenos para motocicleta de alto rendimiento con discos de freno perforados y pastillas de freno de alta resistencia.');
INSERT INTO accesorio (id_articulo, caracteristicas) VALUES (36, 'Neumático para motocicleta de alto rendimiento con compuesto de goma optimizado para una mayor tracción y resistencia al desgaste.');
INSERT INTO accesorio (id_articulo, caracteristicas) VALUES (37, 'Neumático para motocicleta de alto rendimiento con diseño de banda de rodadura en forma de V para mejorar la maniobrabilidad.');

insert into cliente (id_cliente, nombre, apellidos, email, telefono, contrasenia, direccion, municipio, dni) values (1, 'NAYAN', 'MATESANZ', 'kheckle0@theguardian.com', '+62-945-315-1504', 'qLJQM8o7D', 'Calle de la Fuente', ' Huelva', '02074981R');
insert into cliente (id_cliente, nombre, apellidos, email, telefono, contrasenia, direccion, municipio, dni) values (2, 'JOSE APOLINAR', 'FERIA', 'egebhard1@de.vu', '+385-722-164-1596', 'WepmewSz77Mi', 'Calle del Cid', ' Jerez de la Frontera', '27429467L');
insert into cliente (id_cliente, nombre, apellidos, email, telefono, contrasenia, direccion, municipio, dni) values (3, 'SANTIAGO CARLOS', 'SOUTELO', 'cparminter2@nbcnews.com', '+351-167-685-1405', 'UqStOKQ', 'Avenida de las Palmeras', ' Algeciras', '21022292I');
insert into cliente (id_cliente, nombre, apellidos, email, telefono, contrasenia, direccion, municipio, dni) values (4, 'FERNANDO FRANCISCO', 'JANSEN', 'bbrickell3@adobe.com', '+62-501-699-5080', 'i3UxU6BuDE3', 'Paseo del Parque', ' Fuengirola', '10519801T');
insert into cliente (id_cliente, nombre, apellidos, email, telefono, contrasenia, direccion, municipio, dni) values (5, 'CIPRIANO MANUEL', 'ANERO', 'awidocks4@biglobe.ne.jp', '+86-815-841-0803', 'xSNcwvf2FdK7', 'Calle de la Cruz', ' Granada', '16031422H');
insert into cliente (id_cliente, nombre, apellidos, email, telefono, contrasenia, direccion, municipio, dni) values (6, 'PERRY', 'JODRA', 'glukasen5@patch.com', '+359-731-384-7911', 'xYd2PLpnC0', 'Calle de la Estrella', ' Loja', '77863022S');
insert into cliente (id_cliente, nombre, apellidos, email, telefono, contrasenia, direccion, municipio, dni) values (7, 'VICENT LLUIS', 'BOSCA', 'wramm6@bravesites.com', '+86-211-217-7615', 'LCEZcTVy5OZ', 'Avenida de la Palmera', ' Córdoba', '24017762I');
insert into cliente (id_cliente, nombre, apellidos, email, telefono, contrasenia, direccion, municipio, dni) values (8, 'FELIX SALVADOR', 'NASIR', 'igulk7@bloglovin.com', '+1-392-646-3655', '8JJjfKm', 'Calle de la Victoria', ' Sanlúcar de Barrameda', '60943653Q');
insert into cliente (id_cliente, nombre, apellidos, email, telefono, contrasenia, direccion, municipio, dni) values (9, 'ESPIRIDION', 'ESPUÑES', 'lspadotto8@wisc.edu', '+48-621-518-4699', 'EyOCw5xx', 'Paseo de la Rambla', ' Campillos', '67860631I');
insert into cliente (id_cliente, nombre, apellidos, email, telefono, contrasenia, direccion, municipio, dni) values (10, 'DANIEL FERMIN', 'BEISTEGUI', 'ldee9@cbsnews.com', '+55-540-675-2904', 'uNuFoOl4KoLe', 'Paseo de la Alameda', ' Málaga', '22917314S');
insert into cliente (id_cliente, nombre, apellidos, email, telefono, contrasenia, direccion, municipio, dni) values (11, 'SALVADOR ALFONSO', 'DE MARCOS', 'rtonna@1688.com', '+351-413-825-0053', 'zUdV62zRu7hp', 'Paseo de la Estación', ' Antequera', '34563023X');
insert into cliente (id_cliente, nombre, apellidos, email, telefono, contrasenia, direccion, municipio, dni) values (12, 'JOSE HERMINIO', 'SUAÑA', 'vabbieb@vistaprint.com', '+62-466-929-3481', 'udqQTKzxcQsb', 'Calle de la Iglesia', ' Albox', '99344164W');
insert into cliente (id_cliente, nombre, apellidos, email, telefono, contrasenia, direccion, municipio, dni) values (13, 'JULIAN CESAR', 'ESPLUGAS', 'mpurslowc@unc.edu', '+381-697-817-4437', 'DVP4KB9Ujs', 'Calle del Castillo', ' Lebrija', '67576779K');
insert into cliente (id_cliente, nombre, apellidos, email, telefono, contrasenia, direccion, municipio, dni) values (14, 'MANUEL MARCELO', 'LAI', 'igallgherd@bizjournals.com', '+62-353-986-9052', 'rQTe2f5cq0eq', 'Plaza del Duque', ' Castilleja de la Cuesta', '03312388A');
insert into cliente (id_cliente, nombre, apellidos, email, telefono, contrasenia, direccion, municipio, dni) values (15, 'ABBES', 'LUZARDO', 'bmagowane@newyorker.com', '+291-655-724-0615', 'OIHUIOE', 'Avenida de la Constitución', ' Jaén', '66452167G');
insert into cliente (id_cliente, nombre, apellidos, email, telefono, contrasenia, direccion, municipio, dni) values (16, 'FEDERICO ENRIQUE', 'RONDAN', 'akingcottf@state.tx.us', '+84-817-893-4934', 'ATx8sPwFQb', 'Calle del Cid', ' Jerez de la Frontera', '00736651C');
insert into cliente (id_cliente, nombre, apellidos, email, telefono, contrasenia, direccion, municipio, dni) values (17, 'MANUEL FEDERICO', 'CLAUSI', 'mdomkeg@census.gov', '+86-708-909-7444', 'FX1Re5', 'Plaza de la Victoria', ' Bollullos Par del Condado', '64746748P');
insert into cliente (id_cliente, nombre, apellidos, email, telefono, contrasenia, direccion, municipio, dni) values (18, 'KASEM', 'PINTER', 'gfritcheh@dagondesign.com', '+86-928-222-3164', 'pLiSXZYT', 'Calle del Ayuntamiento', ' Ubrique', '55458589U');
insert into cliente (id_cliente, nombre, apellidos, email, telefono, contrasenia, direccion, municipio, dni) values (19, 'JOSE FLOREAL', 'FLEITAS', 'rjaulmesi@eepurl.com', '+86-928-614-2314', 'BAWkNZuc', 'Calle de la Catedral', ' Carmona', '18188070G');
insert into cliente (id_cliente, nombre, apellidos, email, telefono, contrasenia, direccion, municipio, dni) values (20, 'MARK RICHARD', 'KOUROUMA', 'jwoolesj@ustream.tv', '+46-950-630-7129', 'PjNQCaw353rw', 'Plaza del Carmen', ' Cádiz', '64474680N');
insert into cliente (id_cliente, nombre, apellidos, email, telefono, contrasenia, direccion, municipio, dni) values (21, 'STEPHEN WILLIAM', 'MASPOCH', 'pbickerdickek@ftc.gov', '+66-315-920-6966', 'Cvovcxwu0', 'Plaza de la Constitución', ' Almuñécar', '79212280V');
insert into cliente (id_cliente, nombre, apellidos, email, telefono, contrasenia, direccion, municipio, dni) values (22, 'ABDELHAK', 'BALIÑA', 'iskulletl@salon.com', '+1-707-292-1938', 'NSD7mK', 'Calle de la Victoria', ' Sanlúcar de Barrameda', '74391206J');
insert into cliente (id_cliente, nombre, apellidos, email, telefono, contrasenia, direccion, municipio, dni) values (23, 'DANIEL GUILLERMO', 'TOLOS', 'rwedgem@weather.com', '+48-379-967-6676', 'G09nbjRHqF', 'Paseo de la Marina', ' Estepona', '24972670O');
insert into cliente (id_cliente, nombre, apellidos, email, telefono, contrasenia, direccion, municipio, dni) values (24, 'NICOLAS DANIEL', 'FLORIA', 'ilabann@dmoz.org', '+55-723-134-6534', 'kvE29jP', 'Avenida de la Hispanidad', ' La Línea de la Concepción', '57758304H');
insert into cliente (id_cliente, nombre, apellidos, email, telefono, contrasenia, direccion, municipio, dni) values (25, 'FERNANDO MANUEL', 'ERRAJI', 'tcuncliffeo@tinypic.com', '+48-265-921-7904', 'LV5CtM', 'Plaza de la Merced', ' Marbella', '65531595Q');
insert into cliente (id_cliente, nombre, apellidos, email, telefono, contrasenia, direccion, municipio, dni) values (26, 'CRISTIAN SEBASTIAN', 'CAMIRUAGA', 'hastletp@japanpost.jp', '+234-369-593-1566', 'vUjPLWMXK', 'Calle de la Muralla', ' Baza', '14384246M');
insert into cliente (id_cliente, nombre, apellidos, email, telefono, contrasenia, direccion, municipio, dni) values (27, 'LUIS CRISTOBAL', 'TIERNO', 'dhargessq@cornell.edu', '+47-218-520-5344', 'PB2dhKWphm', 'Calle de la Catedral', ' Carmona', '08323624H');
insert into cliente (id_cliente, nombre, apellidos, email, telefono, contrasenia, direccion, municipio, dni) values (28, 'ADRIAN LORENZO', 'BUTOI', 'cheeleyr@sina.com.cn', '+62-485-786-8734', 'R0qyJoh', 'Calle de la Muralla', ' Baza', '84765366W');
insert into cliente (id_cliente, nombre, apellidos, email, telefono, contrasenia, direccion, municipio, dni) values (29, 'GERARDO ALFONSO', 'NEGRILA', 'emacriries@harvard.edu', '+504-411-302-7252', '0YSBTIjK5', 'Calle del Castillo', ' Lebrija', '56350617U');
insert into cliente (id_cliente, nombre, apellidos, email, telefono, contrasenia, direccion, municipio, dni) values (30, 'FLORIN LAURENTIU', 'BUSUIOC', 'mdehnt@google.com', '+62-571-850-5476', 'ZN58WEYga', 'Avenida de la Estación', ' Ayamonte', '59581920N');
insert into cliente (id_cliente, nombre, apellidos, email, telefono, contrasenia, direccion, municipio, dni) values (31, 'NAZIM', 'DEL CURA', 'arowetu@cargocollective.com', '+48-949-125-9629', '7lTNbs6cZBGo', 'Paseo de los Álamos', ' El Puerto de Santa María', '83577407D');
insert into cliente (id_cliente, nombre, apellidos, email, telefono, contrasenia, direccion, municipio, dni) values (32, 'F XAVIER', 'SANCHEZ MIGUEL', 'dwhimperv@i2i.jp', '+48-218-445-4086', 'WXzIrkp', 'Calle de la Fuente', ' Huelva', '65033337C');
insert into cliente (id_cliente, nombre, apellidos, email, telefono, contrasenia, direccion, municipio, dni) values (33, 'GASPAR ANTONIO', 'LOGAN', 'lmatthewmanw@simplemachines.org', '+1-333-171-0991', 'kjHDAjM3', 'Avenida de la Estación', ' Ayamonte', '13850422H');
insert into cliente (id_cliente, nombre, apellidos, email, telefono, contrasenia, direccion, municipio, dni) values (34, 'CESAR ENRIQUE', 'VICTORIO', 'twenmanx@acquirethisname.com', '+48-912-116-4460', 'nWm777T', 'Avenida de la Constitución', ' Jaén', '41677577N');
insert into cliente (id_cliente, nombre, apellidos, email, telefono, contrasenia, direccion, municipio, dni) values (35, 'FRANCISCO MARCOS', 'ADSUAR', 'dcabraly@delicious.com', '+1-306-312-0039', 'fCzsk1lqkTm', 'Calle del Puente', ' Úbeda', '63088562L');
insert into cliente (id_cliente, nombre, apellidos, email, telefono, contrasenia, direccion, municipio, dni) values (36, 'ROSTYSLAV', 'CARRAMAL', 'tpirreyz@timesonline.co.uk', '+63-581-730-7184', 'MnibRH', 'Calle de la Iglesia', ' Albox', '09388435F');
insert into cliente (id_cliente, nombre, apellidos, email, telefono, contrasenia, direccion, municipio, dni) values (37, 'JON KEPA', 'ROCABERT', 'ctenpenny10@blog.com', '+351-716-277-5958', 'rUBwhC', 'Paseo de la Marina', ' Estepona', '10109360Q');
insert into cliente (id_cliente, nombre, apellidos, email, telefono, contrasenia, direccion, municipio, dni) values (38, 'JOSE FLORES', 'JIMENEZ DE LOS GALANES', 'yshewry11@about.com', '+62-599-367-4449', 'gKBdOGi', 'Calle de la Iglesia', ' Albox', '91835143Z');
insert into cliente (id_cliente, nombre, apellidos, email, telefono, contrasenia, direccion, municipio, dni) values (39, 'ORTZI', 'LLEIXA', 'rstave12@ed.gov', '+63-529-702-8245', 'YjzGu4', 'Paseo de la Estación', ' Antequera', '79621656F');
insert into cliente (id_cliente, nombre, apellidos, email, telefono, contrasenia, direccion, municipio, dni) values (40, 'SOUFYAN', 'ARROYO', 'pdepke13@engadget.com', '+62-188-643-2124', 'kjjZ3b6Fq', 'Calle de la Muralla', ' Baza', '37333225R');
insert into cliente (id_cliente, nombre, apellidos, email, telefono, contrasenia, direccion, municipio, dni) values (41, 'LADISLAU', 'PONCELA', 'rhast14@bizjournals.com', '+961-220-135-5698', 'A9EDsWELQ', 'Plaza del Carmen', ' Cádiz', '33538226Z');
insert into cliente (id_cliente, nombre, apellidos, email, telefono, contrasenia, direccion, municipio, dni) values (42, 'NADJIB', 'GALLEGO DE LERMA', 'clochead15@archive.org', '+7-187-646-4185', 'TDF8hJNl', 'Calle del Pilar', ' Motril', '48368014G');
insert into cliente (id_cliente, nombre, apellidos, email, telefono, contrasenia, direccion, municipio, dni) values (43, 'RAFAEL ORLANDO', 'CORDON', 'hissett16@chronoengine.com', '+62-577-606-3975', 'VKNLhHkT', 'Avenida de la Estación', ' Ayamonte', '30525150Z');
insert into cliente (id_cliente, nombre, apellidos, email, telefono, contrasenia, direccion, municipio, dni) values (44, 'MARIO HUMBERTO', 'AGIRREZABALA', 'adunbleton17@netscape.com', '+30-866-986-4455', 'J8QTwPQv1y', 'Paseo del Violón', ' Armilla', '22850761R');
insert into cliente (id_cliente, nombre, apellidos, email, telefono, contrasenia, direccion, municipio, dni) values (45, 'CESAR MANUEL', 'RAPUN', 'gcrumby18@weebly.com', '+1-434-247-7189', 'a7ka6cnrV', 'Calle de la Bola', ' La Rinconada', '67046719L');
insert into cliente (id_cliente, nombre, apellidos, email, telefono, contrasenia, direccion, municipio, dni) values (46, 'KHEIREDDINE', 'ROADE', 'fcreighton19@acquirethisname.com', '+63-818-702-2695', 'OzKSyoKE', 'Calle de la Muralla', ' Baza', '45255421U');
insert into cliente (id_cliente, nombre, apellidos, email, telefono, contrasenia, direccion, municipio, dni) values (47, 'TIMOTHY DAVID', 'MARUNY', 'qipsly1a@ifeng.com', '+46-945-112-0313', 'TGWDFIZ', 'Calle del Puente', ' Úbeda', '24180031H');
insert into cliente (id_cliente, nombre, apellidos, email, telefono, contrasenia, direccion, municipio, dni) values (48, 'PEDRO ELADIO', 'BERTO', 'karend1b@mashable.com', '+351-522-448-4940', 'RBd3iwG9GAUZ', 'Calle del Ayuntamiento', ' Ubrique', '50819200T');
insert into cliente (id_cliente, nombre, apellidos, email, telefono, contrasenia, direccion, municipio, dni) values (49, 'XAVIER JOAN', 'GOYANES', 'tspottiswood1c@japanpost.jp', '+33-603-939-1359', 'YNTyWyXrrCOQ', 'Plaza de la Merced', ' Marbella', '68465042Q');
insert into cliente (id_cliente, nombre, apellidos, email, telefono, contrasenia, direccion, municipio, dni) values (50, 'PAUL ANDRES', 'ALTUNA', 'agrowy1d@wordpress.com', '+55-673-179-3442', 'pSLnxIvD4z', 'Plaza del Duque', ' Castilleja de la Cuesta', '89601472W');
insert into cliente (id_cliente, nombre, apellidos, email, telefono, contrasenia, direccion, municipio, dni) values (51, 'FRANCISCO SALVADOR', 'CIMPOERU', 'ijackman1e@lulu.com', '+1-346-824-3062', 'OT7nMXTf4aQg', 'Plaza del Carmen', ' Cádiz', '35450259X');
insert into cliente (id_cliente, nombre, apellidos, email, telefono, contrasenia, direccion, municipio, dni) values (52, 'ANDREI BOGDAN', 'SUQUET', 'efaircloth1f@unblog.fr', '+66-941-524-6357', 'TJe7boA', 'Paseo del Violón', ' Armilla', '07218678V');
insert into cliente (id_cliente, nombre, apellidos, email, telefono, contrasenia, direccion, municipio, dni) values (53, 'FAYCAL', 'BURI', 'gphettiplace1g@fema.gov', '+34-167-714-3275', 'U0BmGfztl', 'Calle del Cid', ' Jerez de la Frontera', '12571415V');
insert into cliente (id_cliente, nombre, apellidos, email, telefono, contrasenia, direccion, municipio, dni) values (54, 'PETR', 'CAREAGA', 'mneaverson1h@msn.com', '+216-462-339-8502', 'o6z3olmSBP', 'Plaza del Carmen', ' Cádiz', '54696859Z');
insert into cliente (id_cliente, nombre, apellidos, email, telefono, contrasenia, direccion, municipio, dni) values (55, 'ENRIC JOSEP', 'FANTOVA', 'bculvey1i@reddit.com', '+62-516-704-0713', 'G8qJz5aJ', 'Calle del Castillo', ' Lebrija', '55356209S');
insert into cliente (id_cliente, nombre, apellidos, email, telefono, contrasenia, direccion, municipio, dni) values (56, 'BERGOI', 'TOUZON', 'mshippey1j@go.com', '+66-560-406-0416', 'KT7shOzZse', 'Paseo de la Glorieta', ' Torremolinos', '46644080T');
insert into cliente (id_cliente, nombre, apellidos, email, telefono, contrasenia, direccion, municipio, dni) values (57, 'MARCOS GUSTAVO', 'ALAM', 'nizzard1k@wired.com', '+381-957-887-1133', 'o59VfDy', 'Calle de la Muralla', ' Baza', '32059188L');
insert into cliente (id_cliente, nombre, apellidos, email, telefono, contrasenia, direccion, municipio, dni) values (58, 'MAMADOU DIOUMA', 'CHIRA', 'bstiffkins1l@digg.com', '+381-782-429-9837', 'rUHUViSE', 'Calle de la Estrella', ' Loja', '90893772J');
insert into cliente (id_cliente, nombre, apellidos, email, telefono, contrasenia, direccion, municipio, dni) values (59, 'RAYMOND GEORGE', 'GORMAN', 'hduddy1m@sitemeter.com', '+48-439-969-8839', 'eHxArU4mGe', 'Calle de la Iglesia', ' Albox', '19561378L');
insert into cliente (id_cliente, nombre, apellidos, email, telefono, contrasenia, direccion, municipio, dni) values (60, 'ARI', 'BARNILS', 'acobbledick1n@smugmug.com', '+86-836-963-5833', '2Lm0Oae', 'Avenida de la Paz', ' Ronda', '90086438Y');
insert into cliente (id_cliente, nombre, apellidos, email, telefono, contrasenia, direccion, municipio, dni) values (61, 'OSVALDO', 'RIVES', 'gmattacks1o@cpanel.net', '+33-584-800-7865', 'srZ0CTE', 'Calle de la Catedral', ' Carmona', '30714890P');
insert into cliente (id_cliente, nombre, apellidos, email, telefono, contrasenia, direccion, municipio, dni) values (62, 'NOE JESUS', 'BRUFAU', 'ksaint1p@livejournal.com', '+63-700-427-3071', 'IYI055G', 'Paseo de la Marina', ' Estepona', '64218614M');
insert into cliente (id_cliente, nombre, apellidos, email, telefono, contrasenia, direccion, municipio, dni) values (63, 'YURIK', 'PERAILE', 'ldamant1q@blogspot.com', '+387-956-594-3008', 'rvjAjRMwQhv', 'Avenida de la Feria', ' Alcalá la Real', '22863928Z');
insert into cliente (id_cliente, nombre, apellidos, email, telefono, contrasenia, direccion, municipio, dni) values (64, 'PEDRO LORENZO', 'IRUN', 'edumberrill1r@instagram.com', '+252-337-686-9323', 'ubJofUN', 'Calle de la Sierra', ' Huércal-Overa', '77236212M');
insert into cliente (id_cliente, nombre, apellidos, email, telefono, contrasenia, direccion, municipio, dni) values (65, 'FERNANDO', 'MINGO', 'ftofanini1s@wsj.com', '+86-213-401-7933', 'jyeo1c', 'Avenida de la Estación', ' Ayamonte', '56944575J');
insert into cliente (id_cliente, nombre, apellidos, email, telefono, contrasenia, direccion, municipio, dni) values (66, 'REIDAR', 'CUACOS', 'csunnex1t@tamu.edu', '+86-429-896-4620', 'Vm7MB2JK2YLP', 'Avenida de las Palmeras', ' Algeciras', '77791614Y');
insert into cliente (id_cliente, nombre, apellidos, email, telefono, contrasenia, direccion, municipio, dni) values (67, 'ANEUDY', 'MURUAMENDIARAZ', 'bbedward1u@dot.gov', '+86-832-283-8764', 'Ff36BKPa', 'Avenida de la Hispanidad', ' La Línea de la Concepción', '47096619H');
insert into cliente (id_cliente, nombre, apellidos, email, telefono, contrasenia, direccion, municipio, dni) values (68, 'FEDERICO RAUL', 'FERNANDEZ MARCOTE', 'lrubinivitz1v@delicious.com', '+63-541-880-3248', 'N7t5wOYaF', 'Avenida de la Estación', ' Ayamonte', '65187022J');
insert into cliente (id_cliente, nombre, apellidos, email, telefono, contrasenia, direccion, municipio, dni) values (69, 'FRANCISCO SANTOS', 'SCHWARZ', 'mmackomb1w@businessinsider.com', '+52-877-171-6809', 'gkgsfbq', 'Paseo del Violón', ' Armilla', '44499133P');
insert into cliente (id_cliente, nombre, apellidos, email, telefono, contrasenia, direccion, municipio, dni) values (70, 'KEVIN GABRIEL', 'JABBARI', 'frosenzveig1x@cpanel.net', '+62-331-182-2971', 'kfp6v4Zy', 'Calle del Ayuntamiento', ' Ubrique', '20902745C');
insert into cliente (id_cliente, nombre, apellidos, email, telefono, contrasenia, direccion, municipio, dni) values (71, 'PABLO VINICIO', 'SAN VICENTE', 'ccramer1y@spotify.com', '+234-424-566-2697', 'eCfS8SSHWPSx', 'Avenida de las Palmeras', ' Algeciras', '68364362R');
insert into cliente (id_cliente, nombre, apellidos, email, telefono, contrasenia, direccion, municipio, dni) values (72, 'JIALE', 'EL FAKIRI', 'amaliphant1z@msu.edu', '+55-302-579-3213', '8Fnvt85PNFE', 'Plaza de la Alameda', ' Écija', '47094503W');
insert into cliente (id_cliente, nombre, apellidos, email, telefono, contrasenia, direccion, municipio, dni) values (73, 'CAMPO ELIAS', 'MARAURI', 'aathelstan20@foxnews.com', '+62-923-813-1213', 'ZrYExnT9HG81', 'Paseo del Violón', ' Armilla', '53587009V');
insert into cliente (id_cliente, nombre, apellidos, email, telefono, contrasenia, direccion, municipio, dni) values (74, 'FELIPE', 'CHOLVI', 'apittoli21@paginegialle.it', '+34-593-440-9806', 'Hk4Do6LSKi76', 'Calle de la Palmera', ' San Fernando', '75274475Q');
insert into cliente (id_cliente, nombre, apellidos, email, telefono, contrasenia, direccion, municipio, dni) values (75, 'FRANCISCO ADRIAN', 'PINHO', 'enuzzti22@ucla.edu', '+212-106-101-6739', 'HCQ8hr', 'Calle de la Cruz', ' Granada', '59102991D');
insert into cliente (id_cliente, nombre, apellidos, email, telefono, contrasenia, direccion, municipio, dni) values (76, 'SIMON ANTONIO', 'MONTEJANO', 'pmacrorie23@berkeley.edu', '+269-984-689-1328', '3akYyt', 'Avenida del Mediterráneo', ' Nerja', '17274823M');
insert into cliente (id_cliente, nombre, apellidos, email, telefono, contrasenia, direccion, municipio, dni) values (77, 'MANUEL FAUSTINO', 'HUERGA', 'asemerad24@cnn.com', '+86-329-295-0726', 'zX8VU7Y', 'Calle de la Victoria', ' Sanlúcar de Barrameda', '15368860O');
insert into cliente (id_cliente, nombre, apellidos, email, telefono, contrasenia, direccion, municipio, dni) values (78, 'ALTAF', 'FERNANDEZ DE BOBADILLA', 'hbeagles25@google.com.hk', '+86-593-445-8936', 'a7tEoAAHl', 'Calle de la Iglesia', ' Albox', '62935720J');
insert into cliente (id_cliente, nombre, apellidos, email, telefono, contrasenia, direccion, municipio, dni) values (79, 'VICTOR ALEXANDER', 'GAVIRIA', 'kwhetnell26@zimbio.com', '+54-157-417-8775', '1N7KBGIlK', 'Avenida de la Feria', ' Alcalá la Real', '11592443I');
insert into cliente (id_cliente, nombre, apellidos, email, telefono, contrasenia, direccion, municipio, dni) values (80, 'MIGUEL JERONIMO', 'BOLUDA', 'joppie27@51.la', '+7-293-128-9315', 'HZyaaTXWS', 'Paseo del Parque', ' Fuengirola', '08895842A');
insert into cliente (id_cliente, nombre, apellidos, email, telefono, contrasenia, direccion, municipio, dni) values (81, 'SEGUNDO GUSTAVO', 'CLOSAS', 'kmacdavitt28@creativecommons.org', '+685-282-649-6308', '18AIdV9', 'Calle del Carmen', ' San Roque', '57004680C');
insert into cliente (id_cliente, nombre, apellidos, email, telefono, contrasenia, direccion, municipio, dni) values (82, 'JULIAN LORENZO', 'OGBEBOR', 'dmcaughtry29@utexas.edu', '+86-228-960-1471', 'rUIoEDhP', 'Avenida de la Hispanidad', ' La Línea de la Concepción', '06128492C');
insert into cliente (id_cliente, nombre, apellidos, email, telefono, contrasenia, direccion, municipio, dni) values (83, 'FAIK', 'MURIANA', 'jweepers2a@acquirethisname.com', '+86-831-642-0376', 'KAWIiqD57wPV', 'Plaza de la Alameda', ' Écija', '21232900F');
insert into cliente (id_cliente, nombre, apellidos, email, telefono, contrasenia, direccion, municipio, dni) values (84, 'SHAUKAT', 'LON', 'gcasford2b@nymag.com', '+33-321-916-0870', 'JYJdCQlsQBa', 'Calle de la Cruz', ' Granada', '54836356I');
insert into cliente (id_cliente, nombre, apellidos, email, telefono, contrasenia, direccion, municipio, dni) values (85, 'YELCO', 'BARJA', 'sjecks2c@php.net', '+63-227-541-8103', 'qRQl4CWu', 'Plaza de la Victoria', ' Bollullos Par del Condado', '85266370Y');
insert into cliente (id_cliente, nombre, apellidos, email, telefono, contrasenia, direccion, municipio, dni) values (86, 'ROY JAMES', 'STEVENSON', 'mstrephan2d@psu.edu', '+81-382-890-9139', '95APPrco', 'Calle de la Bola', ' La Rinconada', '36567713P');
insert into cliente (id_cliente, nombre, apellidos, email, telefono, contrasenia, direccion, municipio, dni) values (87, 'EDUARDO ALEXIS', 'TENG', 'scohen2e@rambler.ru', '+381-170-204-5889', 'YmD6S7ngo', 'Calle del Olivo', ' Dos Hermanas', '40209212B');
insert into cliente (id_cliente, nombre, apellidos, email, telefono, contrasenia, direccion, municipio, dni) values (88, 'GHEORGHE RADU', 'BARQUEROS', 'sverdey2f@google.pl', '+60-557-894-4522', 'ihtXOwLe', 'Paseo de los Álamos', ' El Puerto de Santa María', '47437198K');
insert into cliente (id_cliente, nombre, apellidos, email, telefono, contrasenia, direccion, municipio, dni) values (89, 'DAVID OLIVER', 'MARCELINO', 'ksall2g@jalbum.net', '+254-690-934-5543', '0UeBIpai48a', 'Plaza de la Alameda', ' Écija', '49631797Z');
insert into cliente (id_cliente, nombre, apellidos, email, telefono, contrasenia, direccion, municipio, dni) values (90, 'JHONNY ALEJANDRO', 'ECHANIZ', 'wblanc2h@plala.or.jp', '+27-662-381-9223', 'EMqaKNs', 'Avenida de la Estación', ' Ayamonte', '28206174H');
insert into cliente (id_cliente, nombre, apellidos, email, telefono, contrasenia, direccion, municipio, dni) values (91, 'NELSON ROBERTO', 'MEIRELES', 'tkitcherside2i@prnewswire.com', '+62-363-962-0422', '7um3Lr', 'Plaza del Ayuntamiento', ' Arcos de la Frontera', '83576267Y');
insert into cliente (id_cliente, nombre, apellidos, email, telefono, contrasenia, direccion, municipio, dni) values (92, 'CATALIN MARIAN', 'GAVIDIA', 'ssearson2j@yahoo.com', '+1-786-730-3074', 'uOX3WRnfN', 'Avenida de la Feria', ' Alcalá la Real', '72257326Y');
insert into cliente (id_cliente, nombre, apellidos, email, telefono, contrasenia, direccion, municipio, dni) values (93, 'CLEMENTE MANUEL', 'AMIEVA', 'fdwane2k@lycos.com', '+351-727-423-1189', 'yi7L4a11', 'Calle del Carmen', ' San Roque', '07606520X');
insert into cliente (id_cliente, nombre, apellidos, email, telefono, contrasenia, direccion, municipio, dni) values (94, 'HLAL', 'VICTORERO', 'cbanbridge2l@blogspot.com', '+218-967-510-5691', 'G17US3jMsJ', 'Calle de la Catedral', ' Carmona', '06753336C');
insert into cliente (id_cliente, nombre, apellidos, email, telefono, contrasenia, direccion, municipio, dni) values (95, 'EDUARDO EZEQUIEL', 'SABE', 'rhoyt2m@house.gov', '+86-903-257-7479', 'fV6N6x', 'Avenida de la Hispanidad', ' La Línea de la Concepción', '71551884G');
insert into cliente (id_cliente, nombre, apellidos, email, telefono, contrasenia, direccion, municipio, dni) values (96, 'SILVESTRE JOSE', 'PENALBA', 'mkubach2n@eventbrite.com', '+212-292-316-9147', 'asXfqVSC', 'Paseo del Parque', ' Fuengirola', '92994598G');
insert into cliente (id_cliente, nombre, apellidos, email, telefono, contrasenia, direccion, municipio, dni) values (97, 'IULIAN CATALIN', 'BORDERIAS', 'jfleischmann2o@businessinsider.com', '+30-525-935-7685', 'oFVGZQ', 'Paseo del Parque', ' Fuengirola', '17574280R');
insert into cliente (id_cliente, nombre, apellidos, email, telefono, contrasenia, direccion, municipio, dni) values (98, 'DARWIN ANTONIO', 'CIURARIU', 'awalworth2p@ucla.edu', '+92-557-557-4513', 'VDEKtI', 'Calle del Carmen', ' San Roque', '27888705G');
insert into cliente (id_cliente, nombre, apellidos, email, telefono, contrasenia, direccion, municipio, dni) values (99, 'OLIVER JOSE', 'FELTRER', 'worr2q@salon.com', '+33-492-667-2363', 'Hdi5kHCm', 'Calle de la Estrella', ' Loja', '72436140W');
insert into cliente (id_cliente, nombre, apellidos, email, telefono, contrasenia, direccion, municipio, dni) values (100, 'GUILLERMO HORACIO', 'ESPIAU', 'amalacrida2r@geocities.com', '+46-782-259-6262', 'nPtjJW7', 'Plaza de la Victoria', ' Bollullos Par del Condado', '70876581I');
insert into cliente (id_cliente, nombre, apellidos, email, telefono, contrasenia, direccion, municipio, dni) values (101, 'DUSTIN', 'RIVADENEYRA', 'blarwell2s@gizmodo.com', '+351-881-538-3954', 'lRDBR3al', 'Calle de la Catedral', ' Carmona', '08411116Y');
insert into cliente (id_cliente, nombre, apellidos, email, telefono, contrasenia, direccion, municipio, dni) values (102, 'LAUREANO JOSE', 'ICHASO', 'clinkie2t@pagesperso-orange.fr', '+374-939-450-6596', 'FoDhfyVP', 'Paseo de los Álamos', ' El Puerto de Santa María', '75457045W');
insert into cliente (id_cliente, nombre, apellidos, email, telefono, contrasenia, direccion, municipio, dni) values (103, 'LUCAS SEBASTIAN', 'CONTELLES', 'crolles2u@domainmarket.com', '+86-192-150-1834', 'QiqW55J', 'Calle de la Estrella', ' Loja', '05509934X');
insert into cliente (id_cliente, nombre, apellidos, email, telefono, contrasenia, direccion, municipio, dni) values (104, 'ISPAS', 'PUJOL', 'dbeavan2v@ow.ly', '+33-709-390-0824', 'xz4vYCQjCT', 'Paseo de la Glorieta', ' Torremolinos', '59277322Q');
insert into cliente (id_cliente, nombre, apellidos, email, telefono, contrasenia, direccion, municipio, dni) values (105, 'CRISOLOGO', 'VIRGOS', 'wseeman2w@ycombinator.com', '+27-563-599-9097', 'YRYzK3BH', 'Paseo del Violón', ' Armilla', '69483710V');
insert into cliente (id_cliente, nombre, apellidos, email, telefono, contrasenia, direccion, municipio, dni) values (106, 'GEORGE ARTHUR', 'GASSIOT', 'msmeall2x@dedecms.com', '+351-899-350-5529', 'cjBiGqDFvGD', 'Paseo de la Marina', ' Estepona', '45268497V');
insert into cliente (id_cliente, nombre, apellidos, email, telefono, contrasenia, direccion, municipio, dni) values (107, 'JOHAN EDUARDO', 'GANDOY', 'ofist2y@earthlink.net', '+62-525-706-7823', 'FYoHh5de', 'Avenida de la Estación', ' Ayamonte', '05064781P');
insert into cliente (id_cliente, nombre, apellidos, email, telefono, contrasenia, direccion, municipio, dni) values (108, 'AGUSTIN DAMIAN', 'MELIA', 'jhartley2z@issuu.com', '+86-134-960-5582', 'erJkzT77O38', 'Avenida de las Palmeras', ' Algeciras', '66797223J');
insert into cliente (id_cliente, nombre, apellidos, email, telefono, contrasenia, direccion, municipio, dni) values (109, 'SALVADOR VICENT', 'BENJUMEA', 'abeardsall30@seattletimes.com', '+86-678-527-0909', 'YzYKqi', 'Paseo de los Álamos', ' El Puerto de Santa María', '04517930S');
insert into cliente (id_cliente, nombre, apellidos, email, telefono, contrasenia, direccion, municipio, dni) values (110, 'HECTOR JUAN', 'FERNANDEZ PACHECO', 'dswanson31@mozilla.org', '+52-873-631-7446', 'A8LKU8fPFf', 'Calle del Ayuntamiento', ' Ubrique', '56691995X');
insert into cliente (id_cliente, nombre, apellidos, email, telefono, contrasenia, direccion, municipio, dni) values (111, 'OSCAR JULIAN', 'ZIDANE', 'dbellefonte32@usgs.gov', '+7-237-828-1446', 'xf3lwC', 'Avenida de las Palmeras', ' Algeciras', '31381267L');
insert into cliente (id_cliente, nombre, apellidos, email, telefono, contrasenia, direccion, municipio, dni) values (112, 'FAVIO', 'LAAZIRI', 'beastbury33@ucla.edu', '+1-336-406-3101', 'dguipPZWVwk', 'Calle del Carmen', ' San Roque', '57265129W');
insert into cliente (id_cliente, nombre, apellidos, email, telefono, contrasenia, direccion, municipio, dni) values (113, 'HIMAD', 'GAMO', 'rhirtz34@paypal.com', '+216-664-677-8106', '2zV46OmRnRV', 'Calle de la Sierra', ' Huércal-Overa', '22131380C');
insert into cliente (id_cliente, nombre, apellidos, email, telefono, contrasenia, direccion, municipio, dni) values (114, 'NIKOS', 'BOMBOI', 'qlibermore35@1688.com', '+374-401-570-0952', 'r7Fl6t', 'Calle del Castillo', ' Lebrija', '94573493F');
insert into cliente (id_cliente, nombre, apellidos, email, telefono, contrasenia, direccion, municipio, dni) values (115, 'ALBERTO SEBASTIAN', 'LAZARE', 'rgrivori36@ibm.com', '+55-311-277-9010', 'DXCisPftkI', 'Plaza de la Victoria', ' Bollullos Par del Condado', '45841056L');
insert into cliente (id_cliente, nombre, apellidos, email, telefono, contrasenia, direccion, municipio, dni) values (116, 'JOSE BALBINO', 'SUTIL', 'lunitt37@quantcast.com', '+60-854-142-8332', 'W9xp2wp8AX', 'Plaza de la Victoria', ' Bollullos Par del Condado', '66391998U');
insert into cliente (id_cliente, nombre, apellidos, email, telefono, contrasenia, direccion, municipio, dni) values (117, 'HAMA', 'TROCHE', 'lcastelot38@aboutads.info', '+237-622-894-9815', 'P7iFEnns92', 'Paseo de la Rambla', ' Campillos', '62031853A');
insert into cliente (id_cliente, nombre, apellidos, email, telefono, contrasenia, direccion, municipio, dni) values (118, 'MARCELO HECTOR', 'BIRO', 'wfaber39@privacy.gov.au', '+63-253-575-3601', 'mZd0W7IIpw', 'Avenida de la Estación', ' Ayamonte', '14346970O');
insert into cliente (id_cliente, nombre, apellidos, email, telefono, contrasenia, direccion, municipio, dni) values (119, 'EDWARD ALEJANDRO', 'GERMA', 'obooker3a@nhs.uk', '+387-590-788-9806', 'bPuHycU', 'Calle de la Bola', ' La Rinconada', '57685578A');
insert into cliente (id_cliente, nombre, apellidos, email, telefono, contrasenia, direccion, municipio, dni) values (120, 'ULDARICO', 'BARRUTIETA', 'ahollingsbee3b@rediff.com', '+33-348-400-1655', '6EY1tq83DZhh', 'Calle del Mar', ' Almería', '03053620F');
insert into cliente (id_cliente, nombre, apellidos, email, telefono, contrasenia, direccion, municipio, dni) values (121, 'MAROAN', 'MADROÑAL', 'jmcturk3c@sphinn.com', '+45-922-293-0499', 'xAcltkesHw', 'Calle de la Estrella', ' Loja', '58226693S');
insert into cliente (id_cliente, nombre, apellidos, email, telefono, contrasenia, direccion, municipio, dni) values (122, 'XOAQUIN', 'MULET', 'wcartmail3d@chron.com', '+880-185-271-8185', 'dQMJbigPBPFw', 'Plaza de la Merced', ' Marbella', '55122076Z');
insert into cliente (id_cliente, nombre, apellidos, email, telefono, contrasenia, direccion, municipio, dni) values (123, 'IULIAN SORIN', 'WEIR', 'awoakes3e@gmpg.org', '+55-694-694-4128', 'aviZ6BFX0H5', 'Plaza del Ayuntamiento', ' Arcos de la Frontera', '26130308E');
insert into cliente (id_cliente, nombre, apellidos, email, telefono, contrasenia, direccion, municipio, dni) values (124, 'EDUARDO XAVIER', 'JACA', 'hpipworth3f@sourceforge.net', '+386-442-860-7662', 'ijwVtKk', 'Plaza de la Constitución', ' Almuñécar', '04898834M');
insert into cliente (id_cliente, nombre, apellidos, email, telefono, contrasenia, direccion, municipio, dni) values (125, 'ALEX ROBERTO', 'MORAGA', 'ggosselin3g@sphinn.com', '+998-457-719-7356', 'KtBcCd0KdpR3', 'Avenida del Mediterráneo', ' Nerja', '82058337W');
insert into cliente (id_cliente, nombre, apellidos, email, telefono, contrasenia, direccion, municipio, dni) values (126, 'ISIDORO JUAN', 'SYKES', 'tdudin3h@elpais.com', '+44-749-937-5028', 'l1lcliW7BW0S', 'Calle de la Iglesia', ' Albox', '85032976P');
insert into cliente (id_cliente, nombre, apellidos, email, telefono, contrasenia, direccion, municipio, dni) values (127, 'ASJAD', 'DOYA', 'mdixie3i@earthlink.net', '+55-527-812-2574', 'QDLlb1Rrm', 'Avenida de la Constitución', ' Jaén', '75451832H');
insert into cliente (id_cliente, nombre, apellidos, email, telefono, contrasenia, direccion, municipio, dni) values (128, 'JESUS AMADO', 'ALCELAY', 'calgie3j@yahoo.co.jp', '+62-953-781-8743', 'M5PiMwkD', 'Calle del Castillo', ' Lebrija', '59086305B');
insert into cliente (id_cliente, nombre, apellidos, email, telefono, contrasenia, direccion, municipio, dni) values (129, 'GARY MICHAEL', 'CRUSET', 'lbourges3k@goo.gl', '+86-443-827-6283', 'IzZhjex', 'Calle de la Sierra', ' Huércal-Overa', '48335616K');
insert into cliente (id_cliente, nombre, apellidos, email, telefono, contrasenia, direccion, municipio, dni) values (130, 'THOMAS ARTHUR', 'SARASQUETA', 'dheinemann3l@drupal.org', '+241-561-344-8031', 'atGDx8lB5h', 'Calle del Carmen', ' San Roque', '94172878S');
insert into cliente (id_cliente, nombre, apellidos, email, telefono, contrasenia, direccion, municipio, dni) values (131, 'MARCOS ALFREDO', 'SUBIZA', 'cmckoy3m@sciencedirect.com', '+1-812-134-9569', 'QmdcLlezW832', 'Paseo de la Rambla', ' Campillos', '84849768Z');
insert into cliente (id_cliente, nombre, apellidos, email, telefono, contrasenia, direccion, municipio, dni) values (132, 'GEORGI STEFANOV', 'AJBAR', 'kjagoe3n@salon.com', '+420-498-903-7187', 'owfhjL8lYu9', 'Avenida de la Hispanidad', ' La Línea de la Concepción', '66595510R');
insert into cliente (id_cliente, nombre, apellidos, email, telefono, contrasenia, direccion, municipio, dni) values (133, 'SILVIU', 'DE CACERES', 'rbeine3o@dagondesign.com', '+55-810-429-3591', '7nCUfzjmq', 'Paseo del Parque', ' Fuengirola', '30568553I');
insert into cliente (id_cliente, nombre, apellidos, email, telefono, contrasenia, direccion, municipio, dni) values (134, 'RAMON MARIO', 'ROBIN', 'mtieman3p@sourceforge.net', '+86-623-141-6694', 'aHmybWlSTa', 'Calle de la Estrella', ' Loja', '13808356D');
insert into cliente (id_cliente, nombre, apellidos, email, telefono, contrasenia, direccion, municipio, dni) values (135, 'FELIX MARCOS', 'GUO', 'cverbrugghen3q@usatoday.com', '+62-894-996-2132', 'FsEbKWLUOq', 'Paseo del Violón', ' Armilla', '78475568B');
insert into cliente (id_cliente, nombre, apellidos, email, telefono, contrasenia, direccion, municipio, dni) values (136, 'BARTOLOME MANUEL', 'INDA', 'bfellgett3r@liveinternet.ru', '+63-305-660-3516', 'SRZcAeQEd', 'Avenida de la Feria', ' Alcalá la Real', '34710511Y');
insert into cliente (id_cliente, nombre, apellidos, email, telefono, contrasenia, direccion, municipio, dni) values (137, 'ALFONSO ARTURO', 'LAMAGRANDE', 'bcurrao3s@chronoengine.com', '+420-697-781-2315', 'Zdot5O', 'Calle del Carmen', ' San Roque', '04428776Y');
insert into cliente (id_cliente, nombre, apellidos, email, telefono, contrasenia, direccion, municipio, dni) values (138, 'LEONARD GEORGE', 'LINERO', 'parkcoll3t@godaddy.com', '+57-747-293-3575', 'VHuhL1yBR', 'Plaza de la Constitución', ' Almuñécar', '28953496O');
insert into cliente (id_cliente, nombre, apellidos, email, telefono, contrasenia, direccion, municipio, dni) values (139, 'VLAD GABRIEL', 'ARTIME', 'bzaniolini3u@about.me', '+503-107-228-6248', '9kMULpyy8X', 'Paseo del Parque', ' Fuengirola', '57958012I');
insert into cliente (id_cliente, nombre, apellidos, email, telefono, contrasenia, direccion, municipio, dni) values (140, 'JIMMY ALEXANDER', 'SCHIOPU', 'byitzhok3v@gnu.org', '+48-863-461-9538', 'LPDKj9u3', 'Calle del Olivo', ' Dos Hermanas', '50542978M');
insert into cliente (id_cliente, nombre, apellidos, email, telefono, contrasenia, direccion, municipio, dni) values (141, 'ALCIBIADES', 'PINAR', 'clatchmore3w@yellowpages.com', '+62-302-942-4695', '1eaGRjk0xGvv', 'Avenida de la Paz', ' Ronda', '20466234C');
insert into cliente (id_cliente, nombre, apellidos, email, telefono, contrasenia, direccion, municipio, dni) values (142, 'NORMAN', 'ALGARAÑAZ', 'pianittello3x@tuttocitta.it', '+855-857-816-2460', 'ZG1MOl5jw', 'Paseo de la Rambla', ' Campillos', '12228349Z');
insert into cliente (id_cliente, nombre, apellidos, email, telefono, contrasenia, direccion, municipio, dni) values (143, 'JESUS DOMINGO', 'BIRSAN', 'gacum3y@mozilla.org', '+53-659-653-7408', 'xBEU4tu', 'Calle de la Catedral', ' Carmona', '16707803P');
insert into cliente (id_cliente, nombre, apellidos, email, telefono, contrasenia, direccion, municipio, dni) values (144, 'BYRON GEOVANNY', 'RUGEL', 'avlahos3z@cyberchimps.com', '+1-814-453-4292', 'OxAoY2GIRAkx', 'Paseo de la Glorieta', ' Torremolinos', '15833654V');
insert into cliente (id_cliente, nombre, apellidos, email, telefono, contrasenia, direccion, municipio, dni) values (145, 'JUAN OSCAR', 'IORDAN', 'leffnert40@dedecms.com', '+7-409-361-3944', 'VcpwLPX0', 'Calle de la Iglesia', ' Albox', '18164218R');
insert into cliente (id_cliente, nombre, apellidos, email, telefono, contrasenia, direccion, municipio, dni) values (146, 'PETER JURGEN', 'DARDOUR', 'smacpadene41@uol.com.br', '+374-355-483-2615', 'PIIhg6', 'Avenida de la Feria', ' Alcalá la Real', '01509761Y');
insert into cliente (id_cliente, nombre, apellidos, email, telefono, contrasenia, direccion, municipio, dni) values (147, 'VICTOR ARMANDO', 'BARRENO', 'mslegg42@angelfire.com', '+1-903-295-3839', 'roEVwap2CHf', 'Paseo de la Huerta', ' Los Barrios', '14536881A');
insert into cliente (id_cliente, nombre, apellidos, email, telefono, contrasenia, direccion, municipio, dni) values (148, 'JORDI JOSEP', 'BOUSO', 'sbanasevich43@flavors.me', '+55-965-700-9749', 'm5Z36x81u', 'Calle de la Victoria', ' Sanlúcar de Barrameda', '38512675G');
insert into cliente (id_cliente, nombre, apellidos, email, telefono, contrasenia, direccion, municipio, dni) values (149, 'MANUEL DARIO', 'BERROCAL', 'cebbitt44@weather.com', '+86-216-174-0484', 'ViQgIxnpUJ', 'Calle del Mar', ' Almería', '49188627A');
insert into cliente (id_cliente, nombre, apellidos, email, telefono, contrasenia, direccion, municipio, dni) values (150, 'ENRIQUE OSCAR', 'MOLANES', 'fcottee45@toplist.cz', '+351-710-497-9224', 'KKuwqNQd5', 'Calle de la Fuente', ' Huelva', '56470668H');
insert into cliente (id_cliente, nombre, apellidos, email, telefono, contrasenia, direccion, municipio, dni) values (151, 'GEORGI IVANOV', 'MIQUELEZ', 'mgayton46@ed.gov', '+373-356-732-7232', '1rQLHwdmOkot', 'Paseo del Parque', ' Fuengirola', '83381052H');
insert into cliente (id_cliente, nombre, apellidos, email, telefono, contrasenia, direccion, municipio, dni) values (152, 'JUAN BAUTISTA JOSE', 'SABA', 'hgyorgy47@amazon.co.uk', '+58-294-524-8741', 't0pwDB', 'Paseo de la Estación', ' Antequera', '67116280Y');
insert into cliente (id_cliente, nombre, apellidos, email, telefono, contrasenia, direccion, municipio, dni) values (153, 'LINGWEI', 'CLAURE', 'nokinneally48@macromedia.com', '+86-951-755-1898', '34h9s2Z', 'Avenida de la Feria', ' Alcalá la Real', '48728499H');
insert into cliente (id_cliente, nombre, apellidos, email, telefono, contrasenia, direccion, municipio, dni) values (154, 'DAVID ROGER', 'IÑARRA', 'gsyversen49@pen.io', '+234-419-477-0951', 'Nj2abTWgM', 'Plaza de la Constitución', ' Almuñécar', '14212328N');
insert into cliente (id_cliente, nombre, apellidos, email, telefono, contrasenia, direccion, municipio, dni) values (155, 'LUIS GONZALO', 'DEL RIEGO', 'sdecent4a@constantcontact.com', '+240-277-462-5098', '2M9gqtEmao3P', 'Calle del Puente', ' Úbeda', '78078339T');
insert into cliente (id_cliente, nombre, apellidos, email, telefono, contrasenia, direccion, municipio, dni) values (156, 'STEFAN FLORIN', 'KHARBACH', 'rsaile4b@cmu.edu', '+7-580-537-1225', 'GwG7BR', 'Plaza de la Victoria', ' Bollullos Par del Condado', '88613269O');
insert into cliente (id_cliente, nombre, apellidos, email, telefono, contrasenia, direccion, municipio, dni) values (157, 'TZVETAN', 'GIMFERRER', 'smcglynn4c@indiegogo.com', '+86-529-584-0275', 'MbAxDXzSW', 'Avenida de la Constitución', ' Jaén', '50607347S');
insert into cliente (id_cliente, nombre, apellidos, email, telefono, contrasenia, direccion, municipio, dni) values (158, 'FEDERICO RAFAEL', 'RUIZ ALEJOS', 'jcristoforo4d@chicagotribune.com', '+98-211-486-4808', '7xkj8YC', 'Paseo de la Glorieta', ' Torremolinos', '02887515Z');
insert into cliente (id_cliente, nombre, apellidos, email, telefono, contrasenia, direccion, municipio, dni) values (159, 'ADRIAN NICUSOR', 'JENSEN', 'lshrieves4e@mlb.com', '+55-445-518-5977', 'FQbKgvrs', 'Calle de la Fuente', ' Huelva', '77912071T');
insert into cliente (id_cliente, nombre, apellidos, email, telefono, contrasenia, direccion, municipio, dni) values (160, 'ESTIVEN', 'DE MERA', 'sleckie4f@mail.ru', '+66-921-434-1859', 'I6VwT2T8yfp', 'Calle de la Victoria', ' Sanlúcar de Barrameda', '92654846R');
insert into cliente (id_cliente, nombre, apellidos, email, telefono, contrasenia, direccion, municipio, dni) values (161, 'VASILE CIPRIAN', 'SOLES', 'eduffer4g@seesaa.net', '+49-863-269-5144', 'WkOiHlm', 'Avenida del Mediterráneo', ' Nerja', '93462388D');
insert into cliente (id_cliente, nombre, apellidos, email, telefono, contrasenia, direccion, municipio, dni) values (162, 'DAYLO', 'AIZCORBE', 'ctunnicliff4h@google.com', '+507-469-564-9875', 'WIrWbe7', 'Calle de la Sierra', ' Huércal-Overa', '90976933P');
insert into cliente (id_cliente, nombre, apellidos, email, telefono, contrasenia, direccion, municipio, dni) values (163, 'MAURINO', 'O''CALLAGHAN', 'channigane4i@google.ru', '+235-953-510-6888', 'jXkL2M8', 'Paseo del Parque', ' Fuengirola', '29602537Y');
insert into cliente (id_cliente, nombre, apellidos, email, telefono, contrasenia, direccion, municipio, dni) values (164, 'PEDRO FABIAN', 'BALBIN', 'jgiffen4j@symantec.com', '+86-752-575-6652', 'JNqj9Eq', 'Calle de la Bola', ' La Rinconada', '56686821C');
insert into cliente (id_cliente, nombre, apellidos, email, telefono, contrasenia, direccion, municipio, dni) values (165, 'MAZHAR', 'TONATO', 'preadings4k@mashable.com', '+46-267-771-3701', 'K5IkBGMms', 'Paseo del Parque', ' Fuengirola', '06101263B');
insert into cliente (id_cliente, nombre, apellidos, email, telefono, contrasenia, direccion, municipio, dni) values (166, 'ARMANDO JOSE', 'HAMZA', 'nsuffe4l@icq.com', '+380-904-477-8417', 'R59PaTZCktc', 'Paseo de la Marina', ' Estepona', '57633698A');
insert into cliente (id_cliente, nombre, apellidos, email, telefono, contrasenia, direccion, municipio, dni) values (167, 'DARIO MANUEL', 'MORAGUES', 'ssilley4m@ft.com', '+63-206-782-8677', 'ztSX9NfCd', 'Calle del Castillo', ' Lebrija', '20953808C');
insert into cliente (id_cliente, nombre, apellidos, email, telefono, contrasenia, direccion, municipio, dni) values (168, 'SANTIAGO RAUL', 'ANCIZAR', 'qubee4n@macromedia.com', '+380-669-350-6166', 'b7cuGt', 'Paseo de la Huerta', ' Los Barrios', '30160425R');
insert into cliente (id_cliente, nombre, apellidos, email, telefono, contrasenia, direccion, municipio, dni) values (169, 'DESIDERIO', 'MASEDO', 'mspeir4o@plala.or.jp', '+63-552-839-0000', 'gfe4kN2Z6zFu', 'Plaza de la Merced', ' Marbella', '04933332K');
insert into cliente (id_cliente, nombre, apellidos, email, telefono, contrasenia, direccion, municipio, dni) values (170, 'RAUL LUIS', 'TRAVADO', 'zmccullock4p@hostgator.com', '+46-544-576-6239', 'eHmLKj0', 'Avenida del Mediterráneo', ' Nerja', '51750807S');
insert into cliente (id_cliente, nombre, apellidos, email, telefono, contrasenia, direccion, municipio, dni) values (171, 'YONGFU', 'FERRARA', 'tgorner4q@sogou.com', '+504-854-180-2525', 'KF6PXKGVfI6', 'Calle de la Palmera', ' San Fernando', '91615689T');
insert into cliente (id_cliente, nombre, apellidos, email, telefono, contrasenia, direccion, municipio, dni) values (172, 'JAUME', 'OTS', 'cbretton4r@qq.com', '+970-929-219-6196', 'FxwUYkG4Ze', 'Paseo de la Rambla', ' Campillos', '31451034L');
insert into cliente (id_cliente, nombre, apellidos, email, telefono, contrasenia, direccion, municipio, dni) values (173, 'ABDERRAMAN', 'ATANASOVA', 'gcampa4s@irs.gov', '+1-305-118-6704', 'J85Kp8nQem', 'Plaza del Carmen', ' Cádiz', '01389819S');
insert into cliente (id_cliente, nombre, apellidos, email, telefono, contrasenia, direccion, municipio, dni) values (174, 'ALEJANDRO', 'SELVA', 'kbeazey4t@cargocollective.com', '+599-775-813-2019', 'Hjtcki', 'Paseo de los Álamos', ' El Puerto de Santa María', '19241883I');
insert into cliente (id_cliente, nombre, apellidos, email, telefono, contrasenia, direccion, municipio, dni) values (175, 'DAVID FRANK', 'JUANATEY', 'gdillet4u@guardian.co.uk', '+27-299-811-0587', 'TGPEcrCNOe', 'Paseo de la Rambla', ' Campillos', '91202312Y');
insert into cliente (id_cliente, nombre, apellidos, email, telefono, contrasenia, direccion, municipio, dni) values (176, 'KALIN', 'USANDIZAGA', 'baird4v@domainmarket.com', '+81-143-926-8807', 'Y3Irpe', 'Avenida de la Palmera', ' Córdoba', '67436476R');
insert into cliente (id_cliente, nombre, apellidos, email, telefono, contrasenia, direccion, municipio, dni) values (177, 'RAYCO', 'DIANE', 'adunnico4w@friendfeed.com', '+420-381-727-8998', 'AY5COg', 'Calle de la Muralla', ' Baza', '35413372T');
insert into cliente (id_cliente, nombre, apellidos, email, telefono, contrasenia, direccion, municipio, dni) values (178, 'CRISTIAM', 'MEDEROS', 'ayarrell4x@tamu.edu', '+62-467-977-7764', 'a7JLJ8S', 'Avenida de Andalucía', ' Vélez-Málaga', '73676504F');
insert into cliente (id_cliente, nombre, apellidos, email, telefono, contrasenia, direccion, municipio, dni) values (179, 'NDONGO', 'BADER', 'edmiterko4y@ycombinator.com', '+380-715-139-3517', 'oQYd375vBvzT', 'Plaza de la Merced', ' Marbella', '28268033K');
insert into cliente (id_cliente, nombre, apellidos, email, telefono, contrasenia, direccion, municipio, dni) values (180, 'VIOREL MARIUS', 'GALGUERA', 'erego4z@washington.edu', '+1-513-492-0321', 'sIAXJHLIIk', 'Calle de la Sierra', ' Huércal-Overa', '50644052V');
insert into cliente (id_cliente, nombre, apellidos, email, telefono, contrasenia, direccion, municipio, dni) values (181, 'HUMBERTO ALEJANDRO', 'TURULL', 'tnoore50@aol.com', '+261-232-612-0179', 'JEh0n8TN', 'Calle de la Estrella', ' Loja', '28359203V');
insert into cliente (id_cliente, nombre, apellidos, email, telefono, contrasenia, direccion, municipio, dni) values (182, 'JORGE ISIDRO', 'VALIDO', 'lwoolham51@toplist.cz', '+7-613-166-7077', '1AsNlYUvd', 'Paseo del Parque', ' Fuengirola', '18806368N');
insert into cliente (id_cliente, nombre, apellidos, email, telefono, contrasenia, direccion, municipio, dni) values (183, 'MOSES', 'BUÑAY', 'lgeake52@cafepress.com', '+86-213-638-8838', 'VkGDXCLs6', 'Calle del Pilar', ' Motril', '94752134F');
insert into cliente (id_cliente, nombre, apellidos, email, telefono, contrasenia, direccion, municipio, dni) values (184, 'ROC', 'LY', 'bmccall53@ehow.com', '+48-200-524-9448', 'RSPFao1mL2B', 'Avenida de la Hispanidad', ' La Línea de la Concepción', '45506012M');
insert into cliente (id_cliente, nombre, apellidos, email, telefono, contrasenia, direccion, municipio, dni) values (185, 'IOAN MIRCEA', 'MALILLOS', 'pspilsburie54@alibaba.com', '+62-488-415-2306', '9TMBUiBke6i', 'Plaza del Duque', ' Castilleja de la Cuesta', '04304989V');
insert into cliente (id_cliente, nombre, apellidos, email, telefono, contrasenia, direccion, municipio, dni) values (186, 'ABDELKEBIR', 'CORADO', 'abauman55@indiatimes.com', '+46-684-871-0533', 'Z3Pb8SGso', 'Avenida de Andalucía', ' Vélez-Málaga', '44519652W');
insert into cliente (id_cliente, nombre, apellidos, email, telefono, contrasenia, direccion, municipio, dni) values (187, 'ABDERAHMAN', 'NEILA', 'nbrugger56@drupal.org', '+256-143-320-9837', 'ZFLWNvy', 'Avenida de la Palmera', ' Córdoba', '87410398H');
insert into cliente (id_cliente, nombre, apellidos, email, telefono, contrasenia, direccion, municipio, dni) values (188, 'RAZVAN GEORGE', 'GANGOITI', 'kdayce57@slate.com', '+351-721-694-6065', 'Kkc8lBnatt4', 'Calle de la Muralla', ' Baza', '90004529K');
insert into cliente (id_cliente, nombre, apellidos, email, telefono, contrasenia, direccion, municipio, dni) values (189, 'ARNOLD', 'MILLOS', 'rpinkerton58@cbc.ca', '+55-384-341-2734', 'HMILnsPLyhe4', 'Calle de la Victoria', ' Sanlúcar de Barrameda', '80684210B');
insert into cliente (id_cliente, nombre, apellidos, email, telefono, contrasenia, direccion, municipio, dni) values (190, 'JOAQUIN JESUS', 'BOUSBAA', 'smangion59@networkadvertising.org', '+57-125-458-2198', '6IxSQY8OHeP', 'Paseo de la Glorieta', ' Torremolinos', '74037660O');
insert into cliente (id_cliente, nombre, apellidos, email, telefono, contrasenia, direccion, municipio, dni) values (191, 'GARETH JOHN', 'HALIM', 'pcaswill5a@google.com.hk', '+81-374-122-9890', 'Ozmk8dILc', 'Paseo de los Álamos', ' El Puerto de Santa María', '62482588Z');
insert into cliente (id_cliente, nombre, apellidos, email, telefono, contrasenia, direccion, municipio, dni) values (192, 'JESUS BORJA', 'TORICES', 'eerickssen5b@stanford.edu', '+62-543-852-6772', 'u9KPzsO6l9', 'Avenida de la Palmera', ' Córdoba', '95709511H');
insert into cliente (id_cliente, nombre, apellidos, email, telefono, contrasenia, direccion, municipio, dni) values (193, 'KRZYSZTOF JOZEF', 'FERRANDIS', 'nheninghem5c@toplist.cz', '+1-395-891-5244', '2LkGW912N', 'Avenida de la Constitución', ' Jaén', '40308070N');
insert into cliente (id_cliente, nombre, apellidos, email, telefono, contrasenia, direccion, municipio, dni) values (194, 'GUILLERMO MARIO', 'MONROS', 'mspilisy5d@boston.com', '+27-934-854-9453', '2gxeEyBxnY', 'Calle del Castillo', ' Lebrija', '60774217F');
insert into cliente (id_cliente, nombre, apellidos, email, telefono, contrasenia, direccion, municipio, dni) values (195, 'SANTIAGO XAVIER', 'YAN', 'hgready5e@wsj.com', '+86-882-710-4426', 'ew2Js4LbLzs', 'Avenida de las Palmeras', ' Algeciras', '00621083C');
insert into cliente (id_cliente, nombre, apellidos, email, telefono, contrasenia, direccion, municipio, dni) values (196, 'RAMOS', 'DARAS', 'lblumire5f@phoca.cz', '+266-981-967-0589', 'RoaeUGZK', 'Avenida de la Constitución', ' Jaén', '48410079V');
insert into cliente (id_cliente, nombre, apellidos, email, telefono, contrasenia, direccion, municipio, dni) values (197, 'ALVARO MARIA', 'EIROS', 'jrapsey5g@behance.net', '+61-965-348-0082', 'p8rm3Bw4L', 'Calle del Castillo', ' Lebrija', '29062251K');
insert into cliente (id_cliente, nombre, apellidos, email, telefono, contrasenia, direccion, municipio, dni) values (198, 'ANTONIO SEBASTIAN', 'ANGELO', 'smasurel5h@skyrock.com', '+62-436-911-1519', '8Cjb7YdifX', 'Paseo de la Glorieta', ' Torremolinos', '12570604K');
insert into cliente (id_cliente, nombre, apellidos, email, telefono, contrasenia, direccion, municipio, dni) values (199, 'MANJEET', 'SAUCO', 'vtimny5i@nba.com', '+62-742-824-8210', '6ZRT90UiZ1d', 'Plaza de la Victoria', ' Bollullos Par del Condado', '97579112V');
insert into cliente (id_cliente, nombre, apellidos, email, telefono, contrasenia, direccion, municipio, dni) values (200, 'PAWEL GRZEGORZ', 'AZACETA', 'jtommasi5j@yellowbook.com', '+82-603-681-1162', 'I7siPAGOkXC', 'Paseo de la Marina', ' Estepona', '49165054E');
insert into cliente (id_cliente, nombre, apellidos, email, telefono, contrasenia, direccion, municipio, dni) values (201, 'NAZRUL', 'BERET', 'sarkil5k@netlog.com', '+976-958-563-5187', 'CnlmVll1Q', 'Avenida de las Palmeras', ' Algeciras', '03541849M');
insert into cliente (id_cliente, nombre, apellidos, email, telefono, contrasenia, direccion, municipio, dni) values (202, 'PEDRO ISRAEL', 'GALDEANO', 'jdriver5l@delicious.com', '+7-223-823-4385', 'CaKMnDHByhD', 'Calle del Carmen', ' San Roque', '94701899T');
insert into cliente (id_cliente, nombre, apellidos, email, telefono, contrasenia, direccion, municipio, dni) values (203, 'RICARDO MANUEL', 'BENEYTO', 'jstivani5m@yelp.com', '+62-881-474-9249', '0m9qtd', 'Calle de la Victoria', ' Sanlúcar de Barrameda', '34244289L');
insert into cliente (id_cliente, nombre, apellidos, email, telefono, contrasenia, direccion, municipio, dni) values (204, 'ALAN DAVID', 'CARDENO', 'bingreda5n@ebay.com', '+31-258-106-8694', 'agIGtv', 'Calle del Carmen', ' San Roque', '53415507K');
insert into cliente (id_cliente, nombre, apellidos, email, telefono, contrasenia, direccion, municipio, dni) values (205, 'ARIK', 'ABDEL LAH', 'agerrit5o@europa.eu', '+46-999-219-5946', 'QD2uCaaxhJm', 'Calle de la Fuente', ' Huelva', '73657078P');
insert into cliente (id_cliente, nombre, apellidos, email, telefono, contrasenia, direccion, municipio, dni) values (206, 'JUAN LUCAS', 'BARDELAS', 'fdambrogio5p@phpbb.com', '+351-490-408-9723', '1pS3nj', 'Paseo de la Rambla', ' Campillos', '54573784T');
insert into cliente (id_cliente, nombre, apellidos, email, telefono, contrasenia, direccion, municipio, dni) values (207, 'BRICIO', 'GARCIA RAYO', 'lcarrabott5q@merriam-webster.com', '+52-959-308-2053', 'vgEWo7CjG1', 'Avenida de las Palmeras', ' Algeciras', '18020819O');
insert into cliente (id_cliente, nombre, apellidos, email, telefono, contrasenia, direccion, municipio, dni) values (208, 'CARLOS KEVIN', 'ALOUAT', 'fwolfarth5r@goo.ne.jp', '+58-486-347-2380', '96tuvV', 'Calle de la Bola', ' La Rinconada', '59197617W');
insert into cliente (id_cliente, nombre, apellidos, email, telefono, contrasenia, direccion, municipio, dni) values (209, 'EDGARS', 'FERREIROA', 'dgehringer5s@reverbnation.com', '+385-515-785-7115', 'heYvLos0P', 'Paseo de la Rambla', ' Campillos', '34418240V');
insert into cliente (id_cliente, nombre, apellidos, email, telefono, contrasenia, direccion, municipio, dni) values (210, 'AGUSTIN EUGENIO', 'TOMLINSON', 'dleonarde5t@acquirethisname.com', '+63-431-403-2215', 'dBvjo0sEv', 'Plaza de la Alameda', ' Écija', '88229964X');
insert into cliente (id_cliente, nombre, apellidos, email, telefono, contrasenia, direccion, municipio, dni) values (211, 'NOE', 'WHELAN', 'vfrears5u@soup.io', '+86-692-100-3590', 'gVImpbcu', 'Calle de la Cruz', ' Granada', '62840676S');
insert into cliente (id_cliente, nombre, apellidos, email, telefono, contrasenia, direccion, municipio, dni) values (212, 'ROLANDO JESUS', 'FONSECA', 'ahirsch5v@slate.com', '+63-932-785-8799', 'ZYwdFEoK1U', 'Calle de la Catedral', ' Carmona', '10615573E');
insert into cliente (id_cliente, nombre, apellidos, email, telefono, contrasenia, direccion, municipio, dni) values (213, 'JOSE ARTURO', 'CASTELLO', 'salexsandrov5w@hexun.com', '+7-751-909-4342', 'r3taRrIVFkO', 'Paseo de la Rambla', ' Campillos', '83368750P');
insert into cliente (id_cliente, nombre, apellidos, email, telefono, contrasenia, direccion, municipio, dni) values (214, 'ANGEL OVIDIO', 'AHIS', 'mmanston5x@tripadvisor.com', '+86-161-908-5930', '0T8xTeovdMxa', 'Calle de la Cruz', ' Granada', '78130887V');
insert into cliente (id_cliente, nombre, apellidos, email, telefono, contrasenia, direccion, municipio, dni) values (215, 'RICK', 'BATALLER', 'zpetroselli5y@hexun.com', '+51-571-963-6845', 'WpgP2cWR3', 'Plaza de la Merced', ' Marbella', '97131254G');
insert into cliente (id_cliente, nombre, apellidos, email, telefono, contrasenia, direccion, municipio, dni) values (216, 'MODESTO LUIS', 'BAYOT', 'dchatres5z@ycombinator.com', '+86-825-747-7632', 'OUiXTmOo', 'Calle de la Muralla', ' Baza', '92134010X');
insert into cliente (id_cliente, nombre, apellidos, email, telefono, contrasenia, direccion, municipio, dni) values (217, 'PHILIPE', 'PENIS', 'gmcgaugan60@squidoo.com', '+57-885-902-9163', 'rk8Mg0tlxOO', 'Plaza del Ayuntamiento', ' Arcos de la Frontera', '06082339P');
insert into cliente (id_cliente, nombre, apellidos, email, telefono, contrasenia, direccion, municipio, dni) values (218, 'MARCELO RAUL', 'SERRADELL', 'jcowndley61@hhs.gov', '+62-338-906-6208', 'ONm67xL', 'Plaza del Ayuntamiento', ' Arcos de la Frontera', '31394052X');
insert into cliente (id_cliente, nombre, apellidos, email, telefono, contrasenia, direccion, municipio, dni) values (219, 'CARLOS DANIEL', 'ANTOHI', 'hmunro62@npr.org', '+7-552-670-8244', 'q7RpnM', 'Calle de la Fuente', ' Huelva', '99439729C');
insert into cliente (id_cliente, nombre, apellidos, email, telefono, contrasenia, direccion, municipio, dni) values (220, 'SIDONIO', 'OLLOQUI', 'aportman63@xinhuanet.com', '+30-856-927-6982', 'HejWNjksj', 'Calle del Pilar', ' Motril', '99991551W');
insert into cliente (id_cliente, nombre, apellidos, email, telefono, contrasenia, direccion, municipio, dni) values (221, 'JOSE CLEMENTE', 'GRAUPERA', 'tfray64@techcrunch.com', '+351-767-441-9213', 'Sg8UvyzE', 'Avenida de Andalucía', ' Vélez-Málaga', '36054320P');
insert into cliente (id_cliente, nombre, apellidos, email, telefono, contrasenia, direccion, municipio, dni) values (222, 'RAFAEL MIGUEL', 'FIORI', 'dshakesby65@accuweather.com', '+86-758-178-6630', 'Tc5l6o', 'Paseo de la Glorieta', ' Torremolinos', '18647480N');
insert into cliente (id_cliente, nombre, apellidos, email, telefono, contrasenia, direccion, municipio, dni) values (223, 'AITOR DANIEL', 'RIOCEREZO', 'dinsull66@miibeian.gov.cn', '+86-499-789-0244', 'lp0Kp588kz', 'Calle del Ayuntamiento', ' Ubrique', '85343918V');
insert into cliente (id_cliente, nombre, apellidos, email, telefono, contrasenia, direccion, municipio, dni) values (224, 'JOSE ROSENDO', 'TOST', 'cbrugsma67@odnoklassniki.ru', '+55-889-519-8170', 'wem827', 'Plaza de la Alameda', ' Écija', '24844495I');
insert into cliente (id_cliente, nombre, apellidos, email, telefono, contrasenia, direccion, municipio, dni) values (225, 'ISSMAIL', 'LOJAN', 'pbartelet68@dmoz.org', '+593-669-271-9676', 'o3tY9tg', 'Calle de la Cruz', ' Granada', '28757535V');
insert into cliente (id_cliente, nombre, apellidos, email, telefono, contrasenia, direccion, municipio, dni) values (226, 'LUIS STEVEN', 'MISSE', 'oallett69@bigcartel.com', '+57-631-731-6910', 'LUkLSJvxykkp', 'Calle de la Sierra', ' Huércal-Overa', '45601867M');
insert into cliente (id_cliente, nombre, apellidos, email, telefono, contrasenia, direccion, municipio, dni) values (227, 'WALTER ALBERTO', 'DEL REGUERO', 'gfullicks6a@icio.us', '+86-414-981-7419', 'sbB4JahMy', 'Calle de la Sierra', ' Huércal-Overa', '41326724X');
insert into cliente (id_cliente, nombre, apellidos, email, telefono, contrasenia, direccion, municipio, dni) values (228, 'DONATILO', 'MOTILLA', 'etiler6b@nydailynews.com', '+233-356-279-9494', 'i16yIVpV', 'Avenida de la Feria', ' Alcalá la Real', '36760731A');
insert into cliente (id_cliente, nombre, apellidos, email, telefono, contrasenia, direccion, municipio, dni) values (229, 'RICARDO MARCOS', 'VILLASUR', 'wsmethurst6c@yelp.com', '+54-214-747-6532', 'P6de6tA6Jb', 'Avenida de las Palmeras', ' Algeciras', '65796518F');
insert into cliente (id_cliente, nombre, apellidos, email, telefono, contrasenia, direccion, municipio, dni) values (230, 'PIOTR JERZY', 'SANCHIS', 'rtassell6d@mit.edu', '+58-668-794-0490', 'jdyEQocq', 'Plaza de la Alameda', ' Écija', '45353165G');
insert into cliente (id_cliente, nombre, apellidos, email, telefono, contrasenia, direccion, municipio, dni) values (231, 'JAVIER SANTOS', 'DINCA', 'rbuckie6e@github.io', '+52-328-825-6367', '2D47I8m', 'Paseo del Parque', ' Fuengirola', '31197788W');
insert into cliente (id_cliente, nombre, apellidos, email, telefono, contrasenia, direccion, municipio, dni) values (232, 'KOFI', 'QUINTIA', 'pgildersleeve6f@wikimedia.org', '+27-310-479-4043', 'oQVZgvTeIR', 'Plaza de la Alameda', ' Écija', '81983138G');
insert into cliente (id_cliente, nombre, apellidos, email, telefono, contrasenia, direccion, municipio, dni) values (233, 'WILFRED', 'BOLEA', 'cmenhenitt6g@shutterfly.com', '+30-206-829-5106', 'ukZxp6Q0', 'Avenida de la Estación', ' Ayamonte', '15370845J');
insert into cliente (id_cliente, nombre, apellidos, email, telefono, contrasenia, direccion, municipio, dni) values (234, 'CARLOS EMILIO', 'BOOTH', 'zkingsman6h@mysql.com', '+86-691-427-3910', 'SPZG6n', 'Avenida de Andalucía', ' Vélez-Málaga', '19818098C');
insert into cliente (id_cliente, nombre, apellidos, email, telefono, contrasenia, direccion, municipio, dni) values (235, 'TAUFIK', 'BASAS', 'cnorville6i@blog.com', '+850-711-382-0604', 'BSx6TyBj', 'Calle de la Cruz', ' Granada', '10332099Z');
insert into cliente (id_cliente, nombre, apellidos, email, telefono, contrasenia, direccion, municipio, dni) values (236, 'ABRAHIM', 'MONAGAS', 'estapleford6j@cnn.com', '+86-779-653-9657', '3YvoSPEmZQ', 'Plaza del Carmen', ' Cádiz', '01946306S');
insert into cliente (id_cliente, nombre, apellidos, email, telefono, contrasenia, direccion, municipio, dni) values (237, 'YAKUBU', 'MADANI', 'hcastagno6k@wordpress.com', '+86-970-749-5224', '0kvktCsSevU', 'Calle del Cid', ' Jerez de la Frontera', '13306300S');
insert into cliente (id_cliente, nombre, apellidos, email, telefono, contrasenia, direccion, municipio, dni) values (238, 'GUILLERMO PABLO', 'SIÑERIZ', 'fpetrolli6l@sciencedirect.com', '+30-438-466-4814', 'kyD0DZ8426G', 'Calle del Olivo', ' Dos Hermanas', '73632192N');
insert into cliente (id_cliente, nombre, apellidos, email, telefono, contrasenia, direccion, municipio, dni) values (239, 'EDUARDO OSCAR', 'ROCANDIO', 'achadburn6m@newsvine.com', '+504-559-810-2248', 'nOlqLonMBFzK', 'Plaza de la Constitución', ' Almuñécar', '95789606E');
insert into cliente (id_cliente, nombre, apellidos, email, telefono, contrasenia, direccion, municipio, dni) values (240, 'EL HOUSSIN', 'PROY', 'nmeenehan6n@netvibes.com', '+62-305-785-4274', 'L2M6aqB', 'Avenida de la Constitución', ' Jaén', '31017062C');
insert into cliente (id_cliente, nombre, apellidos, email, telefono, contrasenia, direccion, municipio, dni) values (241, 'PROCESO', 'CLAVEROL', 'olambe6o@typepad.com', '+86-659-180-5961', 'YiLOaM7gQH', 'Calle de la Cruz', ' Granada', '61899719Y');
insert into cliente (id_cliente, nombre, apellidos, email, telefono, contrasenia, direccion, municipio, dni) values (242, 'TIAGO EMANUEL', 'MIHALCEA', 'pbaumadier6p@gnu.org', '+51-661-423-3648', 'fAvXFfT7F', 'Calle de la Cruz', ' Granada', '35501311B');
insert into cliente (id_cliente, nombre, apellidos, email, telefono, contrasenia, direccion, municipio, dni) values (243, 'JORGE EDISON', 'TORVISCO', 'eballeine6q@tinypic.com', '+976-150-113-1370', '9MwEKEIv', 'Calle de la Cruz', ' Granada', '53426246Y');
insert into cliente (id_cliente, nombre, apellidos, email, telefono, contrasenia, direccion, municipio, dni) values (244, 'WILLIAM DARIO', 'IRIONDO', 'klongo6r@flavors.me', '+86-368-497-4608', 'J3QbNBBKwUd', 'Calle del Ayuntamiento', ' Ubrique', '77587707E');
insert into cliente (id_cliente, nombre, apellidos, email, telefono, contrasenia, direccion, municipio, dni) values (245, 'VILMAR', 'MONCLOVA', 'dtheml6s@weibo.com', '+62-589-420-4763', 'sFBdgvjy2d', 'Avenida del Mediterráneo', ' Nerja', '86251809W');
insert into cliente (id_cliente, nombre, apellidos, email, telefono, contrasenia, direccion, municipio, dni) values (246, 'SAIHOU', 'OSADO', 'mshuxsmith6t@behance.net', '+963-901-932-9567', '2F63xS7fF', 'Calle de la Bola', ' La Rinconada', '20607823Q');
insert into cliente (id_cliente, nombre, apellidos, email, telefono, contrasenia, direccion, municipio, dni) values (247, 'SIMAO', 'TARDIDO', 'jbanaszczyk6u@salon.com', '+62-921-234-1605', 'C2VhF0', 'Avenida de la Paz', ' Ronda', '42847799U');
insert into cliente (id_cliente, nombre, apellidos, email, telefono, contrasenia, direccion, municipio, dni) values (248, 'FELIPE JOSE', 'OBESO', 'dsudran6v@webnode.com', '+48-188-217-6254', 'zeKMZF01', 'Avenida de la Palmera', ' Córdoba', '92238635S');
insert into cliente (id_cliente, nombre, apellidos, email, telefono, contrasenia, direccion, municipio, dni) values (249, 'LAURENTINO', 'BISQUERRA', 'kcoltherd6w@bloglines.com', '+63-885-262-3393', 'IfML0i0Z', 'Avenida de las Palmeras', ' Algeciras', '38527806O');
insert into cliente (id_cliente, nombre, apellidos, email, telefono, contrasenia, direccion, municipio, dni) values (250, 'ERICK MANUEL', 'PIKE', 'pvize6x@github.io', '+86-821-247-7236', 'ejn7k4', 'Avenida del Mediterráneo', ' Nerja', '71598666D');
insert into cliente (id_cliente, nombre, apellidos, email, telefono, contrasenia, direccion, municipio, dni) values (251, 'CAROL', 'FERRAO', 'thartness6y@wix.com', '+7-170-237-9022', 'YxhALd', 'Calle del Puente', ' Úbeda', '21799120Q');
insert into cliente (id_cliente, nombre, apellidos, email, telefono, contrasenia, direccion, municipio, dni) values (252, 'JOHN ANDREW', 'BANCHS', 'csidlow6z@trellian.com', '+81-648-166-8693', 'jpUozOobj9Oz', 'Avenida de la Palmera', ' Córdoba', '37531766J');
insert into cliente (id_cliente, nombre, apellidos, email, telefono, contrasenia, direccion, municipio, dni) values (253, 'SELIM', 'JAAFARI', 'hticehurst70@java.com', '+374-317-714-4518', 'OHvRd7ptldH', 'Plaza de la Victoria', ' Bollullos Par del Condado', '57236900F');
insert into cliente (id_cliente, nombre, apellidos, email, telefono, contrasenia, direccion, municipio, dni) values (254, 'MIMOUN', 'ABESO', 'zkikke71@amazonaws.com', '+850-269-617-6985', 'hcb7dJPJ', 'Plaza del Duque', ' Castilleja de la Cuesta', '62563575E');
insert into cliente (id_cliente, nombre, apellidos, email, telefono, contrasenia, direccion, municipio, dni) values (255, 'SERGIO VICENTE', 'ZAPATERA', 'dleech72@biglobe.ne.jp', '+48-435-107-8924', 'nj4CJP9XVzl', 'Calle de la Catedral', ' Carmona', '42594863P');
insert into cliente (id_cliente, nombre, apellidos, email, telefono, contrasenia, direccion, municipio, dni) values (256, 'JUSTO ALBERTO', 'DE LA ROZA', 'msarfas73@dedecms.com', '+420-220-805-1512', '3hKoicI', 'Plaza de la Victoria', ' Bollullos Par del Condado', '39887704R');
insert into cliente (id_cliente, nombre, apellidos, email, telefono, contrasenia, direccion, municipio, dni) values (257, 'ANTONIO CIPRIANO', 'EL HAJJIOUI', 'rcrimpe74@pinterest.com', '+51-434-352-4038', 'pvPA5TTFflY', 'Calle de la Victoria', ' Sanlúcar de Barrameda', '28934640U');
insert into cliente (id_cliente, nombre, apellidos, email, telefono, contrasenia, direccion, municipio, dni) values (258, 'RAFAEL BENJAMIN', 'OCAÑA', 'ccausnett75@fema.gov', '+385-580-204-8930', 'lGch104f', 'Avenida del Mar', ' Roquetas de Mar', '88908047P');
insert into cliente (id_cliente, nombre, apellidos, email, telefono, contrasenia, direccion, municipio, dni) values (259, 'TOMAS IVAN', 'LUZ', 'pemes76@dailymotion.com', '+86-503-622-0763', 'r7NB0D61', 'Paseo del Violón', ' Armilla', '21775060W');
insert into cliente (id_cliente, nombre, apellidos, email, telefono, contrasenia, direccion, municipio, dni) values (260, 'BRANDON ALEXIS', 'TARANU', 'alatchmore77@cdbaby.com', '+234-914-694-7473', '16ciawX', 'Paseo del Parque', ' Fuengirola', '03346991M');
insert into cliente (id_cliente, nombre, apellidos, email, telefono, contrasenia, direccion, municipio, dni) values (261, 'CESAR GONZALO', 'PEDRE', 'aharme78@scientificamerican.com', '+56-784-805-7314', 'yGTBpq', 'Calle de la Palmera', ' San Fernando', '96049201V');
insert into cliente (id_cliente, nombre, apellidos, email, telefono, contrasenia, direccion, municipio, dni) values (262, 'IÑIGO LUIS', 'BARCO', 'pbeminster79@live.com', '+49-181-856-1990', 'FcMySxP65c4', 'Paseo de los Álamos', ' El Puerto de Santa María', '57858281J');
insert into cliente (id_cliente, nombre, apellidos, email, telefono, contrasenia, direccion, municipio, dni) values (263, 'KIMETZ', 'SALADO', 'gdudhill7a@youku.com', '+30-284-344-6389', 'edlZYG', 'Plaza del Carmen', ' Cádiz', '94231741Y');
insert into cliente (id_cliente, nombre, apellidos, email, telefono, contrasenia, direccion, municipio, dni) values (264, 'ALBERT WILLIAM', 'MBOW', 'hcalwell7b@tamu.edu', '+86-207-263-6459', '2aIdIz', 'Paseo de la Marina', ' Estepona', '32889501Y');
insert into cliente (id_cliente, nombre, apellidos, email, telefono, contrasenia, direccion, municipio, dni) values (265, 'RODOLF', 'GUERRICAGOITIA', 'kkoppeck7c@google.com.au', '+66-151-456-0818', 'zpXLmEpTKm47', 'Plaza de la Victoria', ' Bollullos Par del Condado', '75323563H');
insert into cliente (id_cliente, nombre, apellidos, email, telefono, contrasenia, direccion, municipio, dni) values (266, 'EMILIO JAIME', 'ALCIBAR', 'nfarthin7d@unicef.org', '+62-914-539-9366', 'MMoCHmNP', 'Plaza del Carmen', ' Cádiz', '64183277W');
insert into cliente (id_cliente, nombre, apellidos, email, telefono, contrasenia, direccion, municipio, dni) values (267, 'CESAREO ANTONIO', 'VECILLAS', 'dsherwin7e@simplemachines.org', '+225-175-913-8132', '4XuDWnqeUP7', 'Plaza de la Constitución', ' Almuñécar', '22064365K');
insert into cliente (id_cliente, nombre, apellidos, email, telefono, contrasenia, direccion, municipio, dni) values (268, 'GUSTAVO PATRICIO', 'DE TENA', 'probeiro7f@businesswire.com', '+1-291-631-3899', 'aqq4anTs', 'Avenida de la Palmera', ' Córdoba', '57623505F');
insert into cliente (id_cliente, nombre, apellidos, email, telefono, contrasenia, direccion, municipio, dni) values (269, 'PATRICK JOSEPH', 'TORREBLANCA', 'whowgate7g@dagondesign.com', '+62-366-351-3945', '9LydxtIrG', 'Avenida de Andalucía', ' Vélez-Málaga', '43371847G');
insert into cliente (id_cliente, nombre, apellidos, email, telefono, contrasenia, direccion, municipio, dni) values (270, 'FRANCISCO MARINO', 'IZNARDO', 'cstebbings7h@howstuffworks.com', '+58-181-506-4116', 'cCzM8aJL', 'Avenida del Mar', ' Roquetas de Mar', '26371358R');
insert into cliente (id_cliente, nombre, apellidos, email, telefono, contrasenia, direccion, municipio, dni) values (271, 'DABID', 'SIRGO', 'eainsby7i@istockphoto.com', '+7-377-168-9226', 'vKdYIqjdQ', 'Calle del Mar', ' Almería', '77442327X');
insert into cliente (id_cliente, nombre, apellidos, email, telefono, contrasenia, direccion, municipio, dni) values (272, 'ERNESTO GABRIEL', 'PANADES', 'aupwood7j@drupal.org', '+420-195-592-2403', 'EoCbtnU', 'Calle de la Palmera', ' San Fernando', '03810728O');
insert into cliente (id_cliente, nombre, apellidos, email, telefono, contrasenia, direccion, municipio, dni) values (273, 'ANGEL SANTIAGO', 'SAEZ DE ADANA', 'atyrwhitt7k@woothemes.com', '+62-716-880-7909', 'PIX0EyF', 'Calle de la Cruz', ' Granada', '87118842V');
insert into cliente (id_cliente, nombre, apellidos, email, telefono, contrasenia, direccion, municipio, dni) values (274, 'WALTER RAUL', 'IGAL', 'sdaubney7l@cafepress.com', '+51-883-796-6830', 'Z6tLshpIL', 'Plaza de la Constitución', ' Almuñécar', '40891232D');
insert into cliente (id_cliente, nombre, apellidos, email, telefono, contrasenia, direccion, municipio, dni) values (275, 'DADI', 'GAVRIL', 'cdelort7m@friendfeed.com', '+33-467-957-3482', 'cgrmLR0awz9', 'Calle del Castillo', ' Lebrija', '94174476Z');
insert into cliente (id_cliente, nombre, apellidos, email, telefono, contrasenia, direccion, municipio, dni) values (276, 'MARTIN WILLIAM', 'MARCHENA', 'mharrower7n@bandcamp.com', '+86-844-980-3439', 'S1cgcO6n', 'Calle de la Palmera', ' San Fernando', '20308714D');
insert into cliente (id_cliente, nombre, apellidos, email, telefono, contrasenia, direccion, municipio, dni) values (277, 'ELEUTERIO JOSE', 'SEGADO', 'bdebellis7o@yahoo.co.jp', '+86-282-710-8747', 'nITVo4', 'Avenida del Mediterráneo', ' Nerja', '65242441Z');
insert into cliente (id_cliente, nombre, apellidos, email, telefono, contrasenia, direccion, municipio, dni) values (278, 'FERMIN PEDRO', 'PEITEADO', 'mmiche7p@icio.us', '+58-633-329-3245', 'SvPYveog', 'Paseo de la Huerta', ' Los Barrios', '69575014F');
insert into cliente (id_cliente, nombre, apellidos, email, telefono, contrasenia, direccion, municipio, dni) values (279, 'NAVEED', 'IGLESIA', 'tlortzing7q@slate.com', '+86-536-195-8115', 'W9p0fan', 'Avenida de Andalucía', ' Vélez-Málaga', '77514954D');
insert into cliente (id_cliente, nombre, apellidos, email, telefono, contrasenia, direccion, municipio, dni) values (280, 'SALAH EDDIN', 'CHIACHIO', 'phuddy7r@stumbleupon.com', '+86-495-667-6680', 'TNuBGJ3', 'Calle de la Muralla', ' Baza', '87180907K');
insert into cliente (id_cliente, nombre, apellidos, email, telefono, contrasenia, direccion, municipio, dni) values (281, 'CATALIN GABRIEL', 'FLORIACH', 'nleach7s@qq.com', '+1-507-799-1898', 'qZLYJA4Ll1', 'Calle del Puente', ' Úbeda', '41704829Z');
insert into cliente (id_cliente, nombre, apellidos, email, telefono, contrasenia, direccion, municipio, dni) values (282, 'OMAR LUIS', 'ROPERO', 'cjess7t@ted.com', '+52-273-558-6345', 'KYuGwh', 'Calle del Carmen', ' San Roque', '26471911E');
insert into cliente (id_cliente, nombre, apellidos, email, telefono, contrasenia, direccion, municipio, dni) values (283, 'EUDALDO', 'ALMUZARA', 'sbalkwill7u@huffingtonpost.com', '+7-570-331-4512', 'V8u5HiRvJZh', 'Calle del Castillo', ' Lebrija', '72151637O');
insert into cliente (id_cliente, nombre, apellidos, email, telefono, contrasenia, direccion, municipio, dni) values (284, 'SANTIAGO SEBASTIAN', 'FRANQUES', 'kbande7v@marriott.com', '+52-372-926-3289', '0t0d7FDWj8Y', 'Paseo de la Huerta', ' Los Barrios', '71956190Z');
insert into cliente (id_cliente, nombre, apellidos, email, telefono, contrasenia, direccion, municipio, dni) values (285, 'JAVIER AITOR', 'HENRIQUE', 'nblodgetts7w@cocolog-nifty.com', '+353-545-155-6165', 'Lu8SAmrE6', 'Paseo de la Marina', ' Estepona', '25688753K');
insert into cliente (id_cliente, nombre, apellidos, email, telefono, contrasenia, direccion, municipio, dni) values (286, 'DANIEL ANDRE', 'HAJAJ', 'achatt7x@shinystat.com', '+86-618-654-9079', 'j8Vd3tDJaFcb', 'Calle del Olivo', ' Dos Hermanas', '08487552O');
insert into cliente (id_cliente, nombre, apellidos, email, telefono, contrasenia, direccion, municipio, dni) values (287, 'ASER', 'BORDE', 'dwilley7y@51.la', '+86-988-175-8951', 'fW3gxLf61f', 'Avenida del Mediterráneo', ' Nerja', '47166993L');
insert into cliente (id_cliente, nombre, apellidos, email, telefono, contrasenia, direccion, municipio, dni) values (288, 'SABINO', 'KAREAGA', 'lmoody7z@usda.gov', '+55-938-765-9899', 'vg6ZFMd2iR6', 'Plaza del Carmen', ' Cádiz', '07924286C');
insert into cliente (id_cliente, nombre, apellidos, email, telefono, contrasenia, direccion, municipio, dni) values (289, 'MIGUEL EUGENIO', 'OLIVENCIA', 'jsturrock80@mashable.com', '+62-585-565-0966', 'CPV0tD', 'Avenida de la Constitución', ' Jaén', '06369325G');
insert into cliente (id_cliente, nombre, apellidos, email, telefono, contrasenia, direccion, municipio, dni) values (290, 'EL HADJI MAMADOU', 'OSIFO', 'ykirkpatrick81@so-net.ne.jp', '+249-194-785-1532', 'x0XKt3W', 'Plaza del Ayuntamiento', ' Arcos de la Frontera', '15532841D');
insert into cliente (id_cliente, nombre, apellidos, email, telefono, contrasenia, direccion, municipio, dni) values (291, 'RICARDO FELIPE', 'LAHOZ', 'nstorton82@ebay.com', '+254-509-205-7492', 'rkAvh3', 'Calle de la Sierra', ' Huércal-Overa', '77577277D');
insert into cliente (id_cliente, nombre, apellidos, email, telefono, contrasenia, direccion, municipio, dni) values (292, 'AZIZ', 'ISTRATE', 'glindermann83@digg.com', '+48-621-907-0059', 'biATnMyjhmM', 'Avenida de las Palmeras', ' Algeciras', '86320420U');
insert into cliente (id_cliente, nombre, apellidos, email, telefono, contrasenia, direccion, municipio, dni) values (293, 'MARCO SEBASTIAN', 'PEPIO', 'edavidman84@cafepress.com', '+55-738-557-9112', 'o6SlxoJK', 'Calle del Mar', ' Almería', '17869730Z');
insert into cliente (id_cliente, nombre, apellidos, email, telefono, contrasenia, direccion, municipio, dni) values (294, 'RAUL CRISTIAN', 'SANCHEZ MELLADO', 'hmatiewe85@github.com', '+1-779-468-1201', 'KsXQ3ceF', 'Avenida de la Estación', ' Ayamonte', '36990260V');
insert into cliente (id_cliente, nombre, apellidos, email, telefono, contrasenia, direccion, municipio, dni) values (295, 'VILI', 'IVANOV', 'xdellabbate86@ca.gov', '+380-722-639-2300', 'vOHjXKVa77', 'Calle del Cid', ' Jerez de la Frontera', '59199154S');
insert into cliente (id_cliente, nombre, apellidos, email, telefono, contrasenia, direccion, municipio, dni) values (296, 'RICHARD IAN', 'EL HAJJAMI', 'ksparke87@tinyurl.com', '+351-139-769-2089', '3m8lQPDsF', 'Paseo de los Álamos', ' El Puerto de Santa María', '54891100X');
insert into cliente (id_cliente, nombre, apellidos, email, telefono, contrasenia, direccion, municipio, dni) values (297, 'ANGEL CLEMENTE', 'FOCHE', 'lrolls88@archive.org', '+381-382-317-4749', 'zvjqgfiMBS7', 'Calle de la Iglesia', ' Albox', '25592205H');
insert into cliente (id_cliente, nombre, apellidos, email, telefono, contrasenia, direccion, municipio, dni) values (298, 'GERMAN EMILIO', 'LARRUCEA', 'amacmaster89@cbc.ca', '+254-431-792-4588', 'B5gBJRFiY', 'Calle del Castillo', ' Lebrija', '64201326L');
insert into cliente (id_cliente, nombre, apellidos, email, telefono, contrasenia, direccion, municipio, dni) values (299, 'DANIEL MATEO', 'BOCK', 'bscrigmour8a@china.com.cn', '+66-567-901-9822', 'gwuRLCm', 'Calle de la Victoria', ' Sanlúcar de Barrameda', '37235778A');
insert into cliente (id_cliente, nombre, apellidos, email, telefono, contrasenia, direccion, municipio, dni) values (300, 'BEKAYE', 'AGRAZ', 'jcardozo8b@mashable.com', '+353-267-368-3907', 'KMyxSJwdVvI', 'Paseo de la Huerta', ' Los Barrios', '29777383T');

insert into trabajador (id_trabajador, sueldo, dni, direccion, nombre, apellidos, telefono, municipio) values (1, 3893, '70949233M', 'Calle de la Estrella', 'JUAN NICASIO', 'ARDUENGO', '+63-437-649-4027', ' Loja');
insert into trabajador (id_trabajador, sueldo, dni, direccion, nombre, apellidos, telefono, municipio) values (2, 1491, '15340247M', 'Calle del Mar', 'LEANDRO', 'BLANCA', '+86-491-451-5949', ' Almería');
insert into trabajador (id_trabajador, sueldo, dni, direccion, nombre, apellidos, telefono, municipio) values (3, 4074, '03643730P', 'Calle de la Palmera', 'MANUEL AMABLE', 'BASILE', '+51-819-547-0382', ' San Fernando');
insert into trabajador (id_trabajador, sueldo, dni, direccion, nombre, apellidos, telefono, municipio) values (4, 7613, '91197269L', 'Plaza de la Constitución', 'FELIX NICOLAS', 'FAS', '+351-635-636-7629', ' Almuñécar');
insert into trabajador (id_trabajador, sueldo, dni, direccion, nombre, apellidos, telefono, municipio) values (5, 6655, '33890902T', 'Calle de la Catedral', 'ATMANE', 'ARBAIZA', '+374-290-186-2228', ' Carmona');

insert into venta (id_venta, fecha, id_trabajador, id_cliente) values (1, '2022-02-08', 2, 108);
insert into venta (id_venta, fecha, id_trabajador, id_cliente) values (2, '2021-05-09', 3, 20);
insert into venta (id_venta, fecha, id_trabajador, id_cliente) values (3, '2021-02-25', 5, 191);
insert into venta (id_venta, fecha, id_trabajador, id_cliente) values (4, '2022-04-03', 2, 163);
insert into venta (id_venta, fecha, id_trabajador, id_cliente) values (5, '2020-07-19', 3, 61);
insert into venta (id_venta, fecha, id_trabajador, id_cliente) values (6, '2022-02-28', 1, 20);
insert into venta (id_venta, fecha, id_trabajador, id_cliente) values (7, '2022-02-10', 4, 17);
insert into venta (id_venta, fecha, id_trabajador, id_cliente) values (8, '2022-10-27', 3, 90);
insert into venta (id_venta, fecha, id_trabajador, id_cliente) values (9, '2023-03-14', 2, 11);
insert into venta (id_venta, fecha, id_trabajador, id_cliente) values (10, '2021-07-24', 3, 196);
insert into venta (id_venta, fecha, id_trabajador, id_cliente) values (11, '2022-10-01', 5, 24);
insert into venta (id_venta, fecha, id_trabajador, id_cliente) values (12, '2021-12-25', 4, 48);
insert into venta (id_venta, fecha, id_trabajador, id_cliente) values (13, '2021-12-04', 1, 236);
insert into venta (id_venta, fecha, id_trabajador, id_cliente) values (14, '2020-12-17', 4, 107);
insert into venta (id_venta, fecha, id_trabajador, id_cliente) values (15, '2022-12-08', 2, 123);
insert into venta (id_venta, fecha, id_trabajador, id_cliente) values (16, '2022-07-25', 2, 297);
insert into venta (id_venta, fecha, id_trabajador, id_cliente) values (17, '2020-06-13', 2, 140);
insert into venta (id_venta, fecha, id_trabajador, id_cliente) values (18, '2022-09-27', 1, 71);
insert into venta (id_venta, fecha, id_trabajador, id_cliente) values (19, '2021-03-10', 3, 151);
insert into venta (id_venta, fecha, id_trabajador, id_cliente) values (20, '2022-03-06', 2, 115);
insert into venta (id_venta, fecha, id_trabajador, id_cliente) values (21, '2022-11-07', 2, 91);
insert into venta (id_venta, fecha, id_trabajador, id_cliente) values (22, '2021-09-29', 1, 141);
insert into venta (id_venta, fecha, id_trabajador, id_cliente) values (23, '2022-03-14', 3, 185);
insert into venta (id_venta, fecha, id_trabajador, id_cliente) values (24, '2022-03-16', 1, 195);
insert into venta (id_venta, fecha, id_trabajador, id_cliente) values (25, '2022-09-15', 2, 94);
insert into venta (id_venta, fecha, id_trabajador, id_cliente) values (26, '2020-08-16', 5, 286);
insert into venta (id_venta, fecha, id_trabajador, id_cliente) values (27, '2021-07-05', 1, 77);
insert into venta (id_venta, fecha, id_trabajador, id_cliente) values (28, '2021-12-10', 5, 137);
insert into venta (id_venta, fecha, id_trabajador, id_cliente) values (29, '2020-11-10', 1, 180);
insert into venta (id_venta, fecha, id_trabajador, id_cliente) values (30, '2020-09-24', 2, 158);
insert into venta (id_venta, fecha, id_trabajador, id_cliente) values (31, '2021-03-24', 2, 252);
insert into venta (id_venta, fecha, id_trabajador, id_cliente) values (32, '2022-11-19', 5, 38);
insert into venta (id_venta, fecha, id_trabajador, id_cliente) values (33, '2020-10-20', 3, 236);
insert into venta (id_venta, fecha, id_trabajador, id_cliente) values (34, '2020-12-21', 3, 144);
insert into venta (id_venta, fecha, id_trabajador, id_cliente) values (35, '2020-09-26', 5, 65);
insert into venta (id_venta, fecha, id_trabajador, id_cliente) values (36, '2022-10-04', 5, 293);
insert into venta (id_venta, fecha, id_trabajador, id_cliente) values (37, '2023-02-19', 5, 194);
insert into venta (id_venta, fecha, id_trabajador, id_cliente) values (38, '2022-05-21', 2, 77);
insert into venta (id_venta, fecha, id_trabajador, id_cliente) values (39, '2020-04-01', 1, 249);
insert into venta (id_venta, fecha, id_trabajador, id_cliente) values (40, '2021-10-16', 1, 74);
insert into venta (id_venta, fecha, id_trabajador, id_cliente) values (41, '2020-10-17', 5, 43);
insert into venta (id_venta, fecha, id_trabajador, id_cliente) values (42, '2020-10-07', 1, 291);
insert into venta (id_venta, fecha, id_trabajador, id_cliente) values (43, '2023-01-22', 2, 146);
insert into venta (id_venta, fecha, id_trabajador, id_cliente) values (44, '2021-01-26', 4, 255);
insert into venta (id_venta, fecha, id_trabajador, id_cliente) values (45, '2022-03-24', 2, 279);
insert into venta (id_venta, fecha, id_trabajador, id_cliente) values (46, '2022-03-20', 1, 258);
insert into venta (id_venta, fecha, id_trabajador, id_cliente) values (47, '2023-01-11', 5, 94);
insert into venta (id_venta, fecha, id_trabajador, id_cliente) values (48, '2020-04-23', 5, 285);
insert into venta (id_venta, fecha, id_trabajador, id_cliente) values (49, '2022-04-15', 3, 278);
insert into venta (id_venta, fecha, id_trabajador, id_cliente) values (50, '2022-09-20', 1, 81);
insert into venta (id_venta, fecha, id_trabajador, id_cliente) values (51, '2022-03-03', 1, 251);
insert into venta (id_venta, fecha, id_trabajador, id_cliente) values (52, '2020-11-06', 1, 49);
insert into venta (id_venta, fecha, id_trabajador, id_cliente) values (53, '2021-01-31', 2, 37);
insert into venta (id_venta, fecha, id_trabajador, id_cliente) values (54, '2021-08-15', 2, 23);
insert into venta (id_venta, fecha, id_trabajador, id_cliente) values (55, '2022-10-01', 2, 168);
insert into venta (id_venta, fecha, id_trabajador, id_cliente) values (56, '2021-02-22', 4, 297);
insert into venta (id_venta, fecha, id_trabajador, id_cliente) values (57, '2021-02-20', 2, 183);
insert into venta (id_venta, fecha, id_trabajador, id_cliente) values (58, '2021-09-02', 4, 227);
insert into venta (id_venta, fecha, id_trabajador, id_cliente) values (59, '2021-04-03', 2, 40);
insert into venta (id_venta, fecha, id_trabajador, id_cliente) values (60, '2022-06-04', 5, 151);
insert into venta (id_venta, fecha, id_trabajador, id_cliente) values (61, '2022-01-03', 1, 267);
insert into venta (id_venta, fecha, id_trabajador, id_cliente) values (62, '2020-12-21', 1, 298);
insert into venta (id_venta, fecha, id_trabajador, id_cliente) values (63, '2022-09-08', 3, 267);
insert into venta (id_venta, fecha, id_trabajador, id_cliente) values (64, '2021-09-20', 3, 231);
insert into venta (id_venta, fecha, id_trabajador, id_cliente) values (65, '2022-12-15', 5, 17);
insert into venta (id_venta, fecha, id_trabajador, id_cliente) values (66, '2020-10-22', 1, 130);
insert into venta (id_venta, fecha, id_trabajador, id_cliente) values (67, '2022-08-05', 5, 140);
insert into venta (id_venta, fecha, id_trabajador, id_cliente) values (68, '2022-10-11', 5, 124);
insert into venta (id_venta, fecha, id_trabajador, id_cliente) values (69, '2021-01-16', 4, 189);
insert into venta (id_venta, fecha, id_trabajador, id_cliente) values (70, '2022-07-25', 4, 286);
insert into venta (id_venta, fecha, id_trabajador, id_cliente) values (71, '2023-02-26', 2, 25);
insert into venta (id_venta, fecha, id_trabajador, id_cliente) values (72, '2021-02-19', 2, 209);
insert into venta (id_venta, fecha, id_trabajador, id_cliente) values (73, '2022-05-06', 1, 102);
insert into venta (id_venta, fecha, id_trabajador, id_cliente) values (74, '2021-01-19', 5, 164);
insert into venta (id_venta, fecha, id_trabajador, id_cliente) values (75, '2021-06-14', 3, 88);
insert into venta (id_venta, fecha, id_trabajador, id_cliente) values (76, '2020-11-18', 3, 169);
insert into venta (id_venta, fecha, id_trabajador, id_cliente) values (77, '2020-09-26', 5, 200);
insert into venta (id_venta, fecha, id_trabajador, id_cliente) values (78, '2020-04-23', 1, 178);
insert into venta (id_venta, fecha, id_trabajador, id_cliente) values (79, '2020-04-14', 5, 51);
insert into venta (id_venta, fecha, id_trabajador, id_cliente) values (80, '2021-07-17', 5, 300);
insert into venta (id_venta, fecha, id_trabajador, id_cliente) values (81, '2020-07-31', 2, 267);
insert into venta (id_venta, fecha, id_trabajador, id_cliente) values (82, '2021-10-21', 5, 46);
insert into venta (id_venta, fecha, id_trabajador, id_cliente) values (83, '2021-08-04', 1, 97);
insert into venta (id_venta, fecha, id_trabajador, id_cliente) values (84, '2020-04-27', 3, 242);
insert into venta (id_venta, fecha, id_trabajador, id_cliente) values (85, '2020-09-26', 2, 88);
insert into venta (id_venta, fecha, id_trabajador, id_cliente) values (86, '2021-12-28', 3, 277);
insert into venta (id_venta, fecha, id_trabajador, id_cliente) values (87, '2021-10-28', 1, 221);
insert into venta (id_venta, fecha, id_trabajador, id_cliente) values (88, '2022-09-22', 5, 141);
insert into venta (id_venta, fecha, id_trabajador, id_cliente) values (89, '2020-09-12', 2, 212);
insert into venta (id_venta, fecha, id_trabajador, id_cliente) values (90, '2021-07-12', 4, 266);
insert into venta (id_venta, fecha, id_trabajador, id_cliente) values (91, '2020-04-05', 5, 281);
insert into venta (id_venta, fecha, id_trabajador, id_cliente) values (92, '2020-07-05', 2, 94);
insert into venta (id_venta, fecha, id_trabajador, id_cliente) values (93, '2021-08-27', 3, 105);
insert into venta (id_venta, fecha, id_trabajador, id_cliente) values (94, '2023-03-05', 4, 76);
insert into venta (id_venta, fecha, id_trabajador, id_cliente) values (95, '2022-01-13', 3, 103);
insert into venta (id_venta, fecha, id_trabajador, id_cliente) values (96, '2022-05-06', 3, 9);
insert into venta (id_venta, fecha, id_trabajador, id_cliente) values (97, '2021-09-21', 4, 26);
insert into venta (id_venta, fecha, id_trabajador, id_cliente) values (98, '2022-04-22', 4, 99);
insert into venta (id_venta, fecha, id_trabajador, id_cliente) values (99, '2022-03-14', 1, 128);
insert into venta (id_venta, fecha, id_trabajador, id_cliente) values (100, '2020-04-25', 4, 130);
insert into venta (id_venta, fecha, id_trabajador, id_cliente) values (101, '2021-03-24', 3, 129);
insert into venta (id_venta, fecha, id_trabajador, id_cliente) values (102, '2021-07-07', 2, 58);
insert into venta (id_venta, fecha, id_trabajador, id_cliente) values (103, '2021-07-01', 4, 174);
insert into venta (id_venta, fecha, id_trabajador, id_cliente) values (104, '2022-07-02', 2, 50);
insert into venta (id_venta, fecha, id_trabajador, id_cliente) values (105, '2022-03-11', 2, 93);
insert into venta (id_venta, fecha, id_trabajador, id_cliente) values (106, '2022-01-27', 1, 89);
insert into venta (id_venta, fecha, id_trabajador, id_cliente) values (107, '2020-07-05', 4, 255);
insert into venta (id_venta, fecha, id_trabajador, id_cliente) values (108, '2021-11-26', 1, 196);
insert into venta (id_venta, fecha, id_trabajador, id_cliente) values (109, '2022-05-23', 4, 56);
insert into venta (id_venta, fecha, id_trabajador, id_cliente) values (110, '2020-11-22', 5, 263);
insert into venta (id_venta, fecha, id_trabajador, id_cliente) values (111, '2021-05-12', 1, 116);
insert into venta (id_venta, fecha, id_trabajador, id_cliente) values (112, '2021-03-02', 3, 63);
insert into venta (id_venta, fecha, id_trabajador, id_cliente) values (113, '2021-10-23', 1, 30);
insert into venta (id_venta, fecha, id_trabajador, id_cliente) values (114, '2022-11-23', 4, 181);
insert into venta (id_venta, fecha, id_trabajador, id_cliente) values (115, '2022-12-25', 5, 270);
insert into venta (id_venta, fecha, id_trabajador, id_cliente) values (116, '2020-12-08', 4, 8);
insert into venta (id_venta, fecha, id_trabajador, id_cliente) values (117, '2020-09-22', 2, 125);
insert into venta (id_venta, fecha, id_trabajador, id_cliente) values (118, '2022-09-27', 5, 254);
insert into venta (id_venta, fecha, id_trabajador, id_cliente) values (119, '2020-06-30', 4, 272);
insert into venta (id_venta, fecha, id_trabajador, id_cliente) values (120, '2022-04-30', 1, 88);
insert into venta (id_venta, fecha, id_trabajador, id_cliente) values (121, '2022-03-04', 4, 133);
insert into venta (id_venta, fecha, id_trabajador, id_cliente) values (122, '2021-12-15', 5, 163);
insert into venta (id_venta, fecha, id_trabajador, id_cliente) values (123, '2022-11-19', 4, 139);
insert into venta (id_venta, fecha, id_trabajador, id_cliente) values (124, '2020-12-07', 1, 297);
insert into venta (id_venta, fecha, id_trabajador, id_cliente) values (125, '2022-11-28', 2, 64);
insert into venta (id_venta, fecha, id_trabajador, id_cliente) values (126, '2022-10-10', 5, 281);
insert into venta (id_venta, fecha, id_trabajador, id_cliente) values (127, '2022-10-08', 4, 33);
insert into venta (id_venta, fecha, id_trabajador, id_cliente) values (128, '2020-08-12', 5, 143);
insert into venta (id_venta, fecha, id_trabajador, id_cliente) values (129, '2022-01-25', 1, 290);
insert into venta (id_venta, fecha, id_trabajador, id_cliente) values (130, '2023-03-10', 4, 262);
insert into venta (id_venta, fecha, id_trabajador, id_cliente) values (131, '2022-07-25', 4, 147);
insert into venta (id_venta, fecha, id_trabajador, id_cliente) values (132, '2022-05-16', 2, 149);
insert into venta (id_venta, fecha, id_trabajador, id_cliente) values (133, '2022-09-18', 2, 93);
insert into venta (id_venta, fecha, id_trabajador, id_cliente) values (134, '2021-02-19', 3, 105);
insert into venta (id_venta, fecha, id_trabajador, id_cliente) values (135, '2020-07-14', 3, 233);
insert into venta (id_venta, fecha, id_trabajador, id_cliente) values (136, '2022-05-11', 1, 235);
insert into venta (id_venta, fecha, id_trabajador, id_cliente) values (137, '2020-08-24', 3, 220);
insert into venta (id_venta, fecha, id_trabajador, id_cliente) values (138, '2023-02-24', 5, 241);
insert into venta (id_venta, fecha, id_trabajador, id_cliente) values (139, '2022-01-12', 1, 149);
insert into venta (id_venta, fecha, id_trabajador, id_cliente) values (140, '2022-10-16', 2, 122);
insert into venta (id_venta, fecha, id_trabajador, id_cliente) values (141, '2020-04-23', 5, 259);
insert into venta (id_venta, fecha, id_trabajador, id_cliente) values (142, '2022-04-29', 2, 111);
insert into venta (id_venta, fecha, id_trabajador, id_cliente) values (143, '2021-01-30', 2, 132);
insert into venta (id_venta, fecha, id_trabajador, id_cliente) values (144, '2020-10-21', 4, 123);
insert into venta (id_venta, fecha, id_trabajador, id_cliente) values (145, '2020-10-12', 5, 108);
insert into venta (id_venta, fecha, id_trabajador, id_cliente) values (146, '2021-01-19', 3, 74);
insert into venta (id_venta, fecha, id_trabajador, id_cliente) values (147, '2022-04-26', 4, 47);
insert into venta (id_venta, fecha, id_trabajador, id_cliente) values (148, '2020-06-30', 3, 134);
insert into venta (id_venta, fecha, id_trabajador, id_cliente) values (149, '2021-01-14', 2, 105);
insert into venta (id_venta, fecha, id_trabajador, id_cliente) values (150, '2020-05-06', 3, 87);
insert into venta (id_venta, fecha, id_trabajador, id_cliente) values (151, '2020-11-15', 4, 81);
insert into venta (id_venta, fecha, id_trabajador, id_cliente) values (152, '2022-10-28', 4, 181);
insert into venta (id_venta, fecha, id_trabajador, id_cliente) values (153, '2020-11-09', 5, 157);
insert into venta (id_venta, fecha, id_trabajador, id_cliente) values (154, '2022-08-27', 2, 86);
insert into venta (id_venta, fecha, id_trabajador, id_cliente) values (155, '2020-11-06', 5, 65);
insert into venta (id_venta, fecha, id_trabajador, id_cliente) values (156, '2022-09-17', 4, 136);
insert into venta (id_venta, fecha, id_trabajador, id_cliente) values (157, '2023-02-15', 4, 252);
insert into venta (id_venta, fecha, id_trabajador, id_cliente) values (158, '2022-04-26', 3, 101);
insert into venta (id_venta, fecha, id_trabajador, id_cliente) values (159, '2022-06-08', 4, 88);
insert into venta (id_venta, fecha, id_trabajador, id_cliente) values (160, '2021-02-12', 4, 14);
insert into venta (id_venta, fecha, id_trabajador, id_cliente) values (161, '2020-06-03', 5, 11);
insert into venta (id_venta, fecha, id_trabajador, id_cliente) values (162, '2021-09-04', 1, 149);
insert into venta (id_venta, fecha, id_trabajador, id_cliente) values (163, '2021-09-18', 1, 52);
insert into venta (id_venta, fecha, id_trabajador, id_cliente) values (164, '2022-01-31', 4, 83);
insert into venta (id_venta, fecha, id_trabajador, id_cliente) values (165, '2020-09-24', 1, 259);
insert into venta (id_venta, fecha, id_trabajador, id_cliente) values (166, '2020-11-30', 2, 29);
insert into venta (id_venta, fecha, id_trabajador, id_cliente) values (167, '2022-01-08', 4, 168);
insert into venta (id_venta, fecha, id_trabajador, id_cliente) values (168, '2021-07-24', 3, 4);
insert into venta (id_venta, fecha, id_trabajador, id_cliente) values (169, '2020-09-03', 4, 14);
insert into venta (id_venta, fecha, id_trabajador, id_cliente) values (170, '2021-11-01', 3, 128);
insert into venta (id_venta, fecha, id_trabajador, id_cliente) values (171, '2023-02-16', 5, 211);
insert into venta (id_venta, fecha, id_trabajador, id_cliente) values (172, '2021-03-03', 4, 100);
insert into venta (id_venta, fecha, id_trabajador, id_cliente) values (173, '2022-07-17', 5, 55);
insert into venta (id_venta, fecha, id_trabajador, id_cliente) values (174, '2020-11-30', 1, 226);
insert into venta (id_venta, fecha, id_trabajador, id_cliente) values (175, '2020-06-24', 1, 297);
insert into venta (id_venta, fecha, id_trabajador, id_cliente) values (176, '2023-02-12', 1, 106);
insert into venta (id_venta, fecha, id_trabajador, id_cliente) values (177, '2022-06-29', 5, 65);
insert into venta (id_venta, fecha, id_trabajador, id_cliente) values (178, '2020-07-05', 4, 216);
insert into venta (id_venta, fecha, id_trabajador, id_cliente) values (179, '2020-12-14', 1, 222);
insert into venta (id_venta, fecha, id_trabajador, id_cliente) values (180, '2021-05-31', 4, 27);
insert into venta (id_venta, fecha, id_trabajador, id_cliente) values (181, '2023-02-10', 3, 101);
insert into venta (id_venta, fecha, id_trabajador, id_cliente) values (182, '2023-03-08', 1, 195);
insert into venta (id_venta, fecha, id_trabajador, id_cliente) values (183, '2022-05-22', 4, 98);
insert into venta (id_venta, fecha, id_trabajador, id_cliente) values (184, '2022-10-19', 3, 232);
insert into venta (id_venta, fecha, id_trabajador, id_cliente) values (185, '2020-11-19', 5, 21);
insert into venta (id_venta, fecha, id_trabajador, id_cliente) values (186, '2022-01-10', 4, 22);
insert into venta (id_venta, fecha, id_trabajador, id_cliente) values (187, '2020-09-03', 3, 171);
insert into venta (id_venta, fecha, id_trabajador, id_cliente) values (188, '2021-01-28', 5, 26);
insert into venta (id_venta, fecha, id_trabajador, id_cliente) values (189, '2021-08-20', 1, 146);
insert into venta (id_venta, fecha, id_trabajador, id_cliente) values (190, '2022-01-24', 4, 105);
insert into venta (id_venta, fecha, id_trabajador, id_cliente) values (191, '2021-06-02', 3, 91);
insert into venta (id_venta, fecha, id_trabajador, id_cliente) values (192, '2022-12-25', 3, 193);
insert into venta (id_venta, fecha, id_trabajador, id_cliente) values (193, '2022-04-23', 1, 123);
insert into venta (id_venta, fecha, id_trabajador, id_cliente) values (194, '2021-07-23', 2, 214);
insert into venta (id_venta, fecha, id_trabajador, id_cliente) values (195, '2022-04-12', 1, 122);
insert into venta (id_venta, fecha, id_trabajador, id_cliente) values (196, '2020-12-01', 3, 20);
insert into venta (id_venta, fecha, id_trabajador, id_cliente) values (197, '2023-01-10', 1, 199);
insert into venta (id_venta, fecha, id_trabajador, id_cliente) values (198, '2022-11-21', 3, 56);
insert into venta (id_venta, fecha, id_trabajador, id_cliente) values (199, '2021-08-07', 1, 205);
insert into venta (id_venta, fecha, id_trabajador, id_cliente) values (200, '2021-12-17', 3, 172);
insert into venta (id_venta, fecha, id_trabajador, id_cliente) values (201, '2022-01-12', 4, 224);
insert into venta (id_venta, fecha, id_trabajador, id_cliente) values (202, '2020-05-21', 4, 116);
insert into venta (id_venta, fecha, id_trabajador, id_cliente) values (203, '2020-11-23', 4, 147);
insert into venta (id_venta, fecha, id_trabajador, id_cliente) values (204, '2022-07-23', 4, 110);
insert into venta (id_venta, fecha, id_trabajador, id_cliente) values (205, '2022-04-25', 1, 7);
insert into venta (id_venta, fecha, id_trabajador, id_cliente) values (206, '2022-11-21', 4, 76);
insert into venta (id_venta, fecha, id_trabajador, id_cliente) values (207, '2023-03-02', 3, 118);
insert into venta (id_venta, fecha, id_trabajador, id_cliente) values (208, '2022-07-10', 3, 13);
insert into venta (id_venta, fecha, id_trabajador, id_cliente) values (209, '2021-05-05', 1, 78);
insert into venta (id_venta, fecha, id_trabajador, id_cliente) values (210, '2022-05-14', 3, 109);
insert into venta (id_venta, fecha, id_trabajador, id_cliente) values (211, '2023-01-31', 2, 30);
insert into venta (id_venta, fecha, id_trabajador, id_cliente) values (212, '2022-08-26', 1, 191);
insert into venta (id_venta, fecha, id_trabajador, id_cliente) values (213, '2022-12-11', 3, 110);
insert into venta (id_venta, fecha, id_trabajador, id_cliente) values (214, '2022-05-06', 1, 55);
insert into venta (id_venta, fecha, id_trabajador, id_cliente) values (215, '2020-07-22', 4, 150);
insert into venta (id_venta, fecha, id_trabajador, id_cliente) values (216, '2020-12-25', 1, 187);
insert into venta (id_venta, fecha, id_trabajador, id_cliente) values (217, '2021-09-29', 5, 62);
insert into venta (id_venta, fecha, id_trabajador, id_cliente) values (218, '2021-04-09', 3, 162);
insert into venta (id_venta, fecha, id_trabajador, id_cliente) values (219, '2022-02-06', 1, 261);
insert into venta (id_venta, fecha, id_trabajador, id_cliente) values (220, '2022-02-28', 2, 27);
insert into venta (id_venta, fecha, id_trabajador, id_cliente) values (221, '2022-03-31', 2, 276);
insert into venta (id_venta, fecha, id_trabajador, id_cliente) values (222, '2021-09-22', 4, 184);
insert into venta (id_venta, fecha, id_trabajador, id_cliente) values (223, '2021-05-25', 2, 148);
insert into venta (id_venta, fecha, id_trabajador, id_cliente) values (224, '2021-09-17', 2, 162);
insert into venta (id_venta, fecha, id_trabajador, id_cliente) values (225, '2021-01-28', 2, 232);
insert into venta (id_venta, fecha, id_trabajador, id_cliente) values (226, '2022-09-23', 5, 162);
insert into venta (id_venta, fecha, id_trabajador, id_cliente) values (227, '2021-02-07', 4, 148);
insert into venta (id_venta, fecha, id_trabajador, id_cliente) values (228, '2020-09-17', 1, 81);
insert into venta (id_venta, fecha, id_trabajador, id_cliente) values (229, '2022-11-09', 5, 12);
insert into venta (id_venta, fecha, id_trabajador, id_cliente) values (230, '2022-06-18', 3, 144);
insert into venta (id_venta, fecha, id_trabajador, id_cliente) values (231, '2021-08-20', 4, 186);
insert into venta (id_venta, fecha, id_trabajador, id_cliente) values (232, '2022-11-05', 2, 295);
insert into venta (id_venta, fecha, id_trabajador, id_cliente) values (233, '2023-01-20', 5, 86);
insert into venta (id_venta, fecha, id_trabajador, id_cliente) values (234, '2021-04-07', 3, 20);
insert into venta (id_venta, fecha, id_trabajador, id_cliente) values (235, '2022-04-16', 1, 65);
insert into venta (id_venta, fecha, id_trabajador, id_cliente) values (236, '2021-04-18', 3, 184);
insert into venta (id_venta, fecha, id_trabajador, id_cliente) values (237, '2022-06-30', 1, 290);
insert into venta (id_venta, fecha, id_trabajador, id_cliente) values (238, '2023-02-07', 1, 212);
insert into venta (id_venta, fecha, id_trabajador, id_cliente) values (239, '2021-12-06', 1, 43);
insert into venta (id_venta, fecha, id_trabajador, id_cliente) values (240, '2021-04-23', 2, 57);
insert into venta (id_venta, fecha, id_trabajador, id_cliente) values (241, '2021-11-12', 4, 223);
insert into venta (id_venta, fecha, id_trabajador, id_cliente) values (242, '2023-02-17', 1, 93);
insert into venta (id_venta, fecha, id_trabajador, id_cliente) values (243, '2022-05-28', 1, 78);
insert into venta (id_venta, fecha, id_trabajador, id_cliente) values (244, '2021-11-30', 4, 192);
insert into venta (id_venta, fecha, id_trabajador, id_cliente) values (245, '2022-03-05', 1, 109);
insert into venta (id_venta, fecha, id_trabajador, id_cliente) values (246, '2020-09-22', 4, 123);
insert into venta (id_venta, fecha, id_trabajador, id_cliente) values (247, '2021-05-25', 1, 187);
insert into venta (id_venta, fecha, id_trabajador, id_cliente) values (248, '2022-12-21', 1, 89);
insert into venta (id_venta, fecha, id_trabajador, id_cliente) values (249, '2021-09-02', 2, 37);
insert into venta (id_venta, fecha, id_trabajador, id_cliente) values (250, '2021-06-11', 2, 156);
insert into venta (id_venta, fecha, id_trabajador, id_cliente) values (251, '2022-02-01', 2, 185);
insert into venta (id_venta, fecha, id_trabajador, id_cliente) values (252, '2020-04-16', 4, 64);
insert into venta (id_venta, fecha, id_trabajador, id_cliente) values (253, '2020-04-05', 4, 247);
insert into venta (id_venta, fecha, id_trabajador, id_cliente) values (254, '2021-03-05', 4, 272);
insert into venta (id_venta, fecha, id_trabajador, id_cliente) values (255, '2022-05-19', 4, 191);
insert into venta (id_venta, fecha, id_trabajador, id_cliente) values (256, '2023-02-13', 4, 159);
insert into venta (id_venta, fecha, id_trabajador, id_cliente) values (257, '2022-03-01', 1, 37);
insert into venta (id_venta, fecha, id_trabajador, id_cliente) values (258, '2020-11-17', 3, 48);
insert into venta (id_venta, fecha, id_trabajador, id_cliente) values (259, '2022-10-10', 5, 179);
insert into venta (id_venta, fecha, id_trabajador, id_cliente) values (260, '2022-02-13', 2, 86);
insert into venta (id_venta, fecha, id_trabajador, id_cliente) values (261, '2020-09-06', 5, 232);
insert into venta (id_venta, fecha, id_trabajador, id_cliente) values (262, '2021-07-07', 4, 200);
insert into venta (id_venta, fecha, id_trabajador, id_cliente) values (263, '2020-10-11', 4, 230);
insert into venta (id_venta, fecha, id_trabajador, id_cliente) values (264, '2022-05-11', 1, 17);
insert into venta (id_venta, fecha, id_trabajador, id_cliente) values (265, '2021-09-15', 4, 268);
insert into venta (id_venta, fecha, id_trabajador, id_cliente) values (266, '2023-02-09', 3, 175);
insert into venta (id_venta, fecha, id_trabajador, id_cliente) values (267, '2022-04-08', 1, 245);
insert into venta (id_venta, fecha, id_trabajador, id_cliente) values (268, '2020-04-21', 1, 81);
insert into venta (id_venta, fecha, id_trabajador, id_cliente) values (269, '2020-05-14', 1, 253);
insert into venta (id_venta, fecha, id_trabajador, id_cliente) values (270, '2021-07-19', 4, 248);
insert into venta (id_venta, fecha, id_trabajador, id_cliente) values (271, '2022-02-27', 1, 17);
insert into venta (id_venta, fecha, id_trabajador, id_cliente) values (272, '2022-01-26', 3, 148);
insert into venta (id_venta, fecha, id_trabajador, id_cliente) values (273, '2022-05-10', 4, 294);
insert into venta (id_venta, fecha, id_trabajador, id_cliente) values (274, '2023-03-23', 3, 140);
insert into venta (id_venta, fecha, id_trabajador, id_cliente) values (275, '2022-03-18', 5, 260);
insert into venta (id_venta, fecha, id_trabajador, id_cliente) values (276, '2020-04-01', 3, 50);
insert into venta (id_venta, fecha, id_trabajador, id_cliente) values (277, '2020-05-13', 3, 126);
insert into venta (id_venta, fecha, id_trabajador, id_cliente) values (278, '2022-01-25', 3, 129);
insert into venta (id_venta, fecha, id_trabajador, id_cliente) values (279, '2021-11-05', 4, 296);
insert into venta (id_venta, fecha, id_trabajador, id_cliente) values (280, '2022-01-21', 1, 33);
insert into venta (id_venta, fecha, id_trabajador, id_cliente) values (281, '2020-09-17', 4, 120);
insert into venta (id_venta, fecha, id_trabajador, id_cliente) values (282, '2021-09-23', 4, 115);
insert into venta (id_venta, fecha, id_trabajador, id_cliente) values (283, '2021-07-14', 2, 111);
insert into venta (id_venta, fecha, id_trabajador, id_cliente) values (284, '2020-10-26', 3, 264);
insert into venta (id_venta, fecha, id_trabajador, id_cliente) values (285, '2021-11-02', 1, 190);
insert into venta (id_venta, fecha, id_trabajador, id_cliente) values (286, '2022-06-09', 3, 241);
insert into venta (id_venta, fecha, id_trabajador, id_cliente) values (287, '2020-09-07', 5, 20);
insert into venta (id_venta, fecha, id_trabajador, id_cliente) values (288, '2022-03-14', 2, 64);
insert into venta (id_venta, fecha, id_trabajador, id_cliente) values (289, '2023-02-20', 5, 36);
insert into venta (id_venta, fecha, id_trabajador, id_cliente) values (290, '2022-10-22', 3, 178);
insert into venta (id_venta, fecha, id_trabajador, id_cliente) values (291, '2020-04-02', 3, 41);
insert into venta (id_venta, fecha, id_trabajador, id_cliente) values (292, '2021-06-13', 1, 297);
insert into venta (id_venta, fecha, id_trabajador, id_cliente) values (293, '2021-06-08', 3, 34);
insert into venta (id_venta, fecha, id_trabajador, id_cliente) values (294, '2022-07-29', 5, 248);
insert into venta (id_venta, fecha, id_trabajador, id_cliente) values (295, '2023-01-04', 1, 269);
insert into venta (id_venta, fecha, id_trabajador, id_cliente) values (296, '2020-04-09', 5, 22);
insert into venta (id_venta, fecha, id_trabajador, id_cliente) values (297, '2023-02-16', 3, 143);
insert into venta (id_venta, fecha, id_trabajador, id_cliente) values (298, '2021-07-13', 2, 82);
insert into venta (id_venta, fecha, id_trabajador, id_cliente) values (299, '2021-08-16', 1, 162);
insert into venta (id_venta, fecha, id_trabajador, id_cliente) values (300, '2020-08-23', 5, 300);

insert into LINEAVENTA (id_linea_venta, id_venta, pvp, cantidad, id_articulo) values (1, 177, null, 2, 19);
insert into LINEAVENTA (id_linea_venta, id_venta, pvp, cantidad, id_articulo) values (2, 158, null, 2, 24);
insert into LINEAVENTA (id_linea_venta, id_venta, pvp, cantidad, id_articulo) values (3, 214, null, 1, 25);
insert into LINEAVENTA (id_linea_venta, id_venta, pvp, cantidad, id_articulo) values (4, 284, null, 1, 22);
insert into LINEAVENTA (id_linea_venta, id_venta, pvp, cantidad, id_articulo) values (5, 34, null, 1, 28);
insert into LINEAVENTA (id_linea_venta, id_venta, pvp, cantidad, id_articulo) values (6, 263, null, 2, 17);
insert into LINEAVENTA (id_linea_venta, id_venta, pvp, cantidad, id_articulo) values (7, 45, null, 2, 2);
insert into LINEAVENTA (id_linea_venta, id_venta, pvp, cantidad, id_articulo) values (8, 104, null, 2, 9);
insert into LINEAVENTA (id_linea_venta, id_venta, pvp, cantidad, id_articulo) values (9, 295, null, 1, 35);
insert into LINEAVENTA (id_linea_venta, id_venta, pvp, cantidad, id_articulo) values (10, 127, null, 2, 25);
insert into LINEAVENTA (id_linea_venta, id_venta, pvp, cantidad, id_articulo) values (11, 99, null, 1, 36);
insert into LINEAVENTA (id_linea_venta, id_venta, pvp, cantidad, id_articulo) values (12, 75, null, 1, 12);
insert into LINEAVENTA (id_linea_venta, id_venta, pvp, cantidad, id_articulo) values (13, 119, null, 1, 31);
insert into LINEAVENTA (id_linea_venta, id_venta, pvp, cantidad, id_articulo) values (14, 121, null, 1, 17);
insert into LINEAVENTA (id_linea_venta, id_venta, pvp, cantidad, id_articulo) values (15, 183, null, 1, 37);
insert into LINEAVENTA (id_linea_venta, id_venta, pvp, cantidad, id_articulo) values (16, 20, null, 2, 26);
insert into LINEAVENTA (id_linea_venta, id_venta, pvp, cantidad, id_articulo) values (17, 173, null, 2, 2);
insert into LINEAVENTA (id_linea_venta, id_venta, pvp, cantidad, id_articulo) values (18, 269, null, 2, 9);
insert into LINEAVENTA (id_linea_venta, id_venta, pvp, cantidad, id_articulo) values (19, 272, null, 2, 7);
insert into LINEAVENTA (id_linea_venta, id_venta, pvp, cantidad, id_articulo) values (20, 75, null, 2, 32);
insert into LINEAVENTA (id_linea_venta, id_venta, pvp, cantidad, id_articulo) values (21, 143, null, 2, 14);
insert into LINEAVENTA (id_linea_venta, id_venta, pvp, cantidad, id_articulo) values (22, 18, null, 1, 12);
insert into LINEAVENTA (id_linea_venta, id_venta, pvp, cantidad, id_articulo) values (23, 9, null, 1, 31);
insert into LINEAVENTA (id_linea_venta, id_venta, pvp, cantidad, id_articulo) values (24, 237, null, 1, 33);
insert into LINEAVENTA (id_linea_venta, id_venta, pvp, cantidad, id_articulo) values (25, 144, null, 2, 15);
insert into LINEAVENTA (id_linea_venta, id_venta, pvp, cantidad, id_articulo) values (26, 123, null, 2, 2);
insert into LINEAVENTA (id_linea_venta, id_venta, pvp, cantidad, id_articulo) values (27, 284, null, 1, 16);
insert into LINEAVENTA (id_linea_venta, id_venta, pvp, cantidad, id_articulo) values (28, 259, null, 2, 7);
insert into LINEAVENTA (id_linea_venta, id_venta, pvp, cantidad, id_articulo) values (29, 296, null, 2, 15);
insert into LINEAVENTA (id_linea_venta, id_venta, pvp, cantidad, id_articulo) values (30, 74, null, 1, 36);
insert into LINEAVENTA (id_linea_venta, id_venta, pvp, cantidad, id_articulo) values (31, 81, null, 2, 31);
insert into LINEAVENTA (id_linea_venta, id_venta, pvp, cantidad, id_articulo) values (32, 251, null, 2, 27);
insert into LINEAVENTA (id_linea_venta, id_venta, pvp, cantidad, id_articulo) values (33, 266, null, 2, 17);
insert into LINEAVENTA (id_linea_venta, id_venta, pvp, cantidad, id_articulo) values (34, 204, null, 1, 19);
insert into LINEAVENTA (id_linea_venta, id_venta, pvp, cantidad, id_articulo) values (35, 26, null, 2, 23);
insert into LINEAVENTA (id_linea_venta, id_venta, pvp, cantidad, id_articulo) values (36, 291, null, 1, 31);
insert into LINEAVENTA (id_linea_venta, id_venta, pvp, cantidad, id_articulo) values (37, 269, null, 1, 22);
insert into LINEAVENTA (id_linea_venta, id_venta, pvp, cantidad, id_articulo) values (38, 90, null, 1, 3);
insert into LINEAVENTA (id_linea_venta, id_venta, pvp, cantidad, id_articulo) values (39, 178, null, 2, 24);
insert into LINEAVENTA (id_linea_venta, id_venta, pvp, cantidad, id_articulo) values (40, 215, null, 2, 29);
insert into LINEAVENTA (id_linea_venta, id_venta, pvp, cantidad, id_articulo) values (41, 8, null, 2, 27);
insert into LINEAVENTA (id_linea_venta, id_venta, pvp, cantidad, id_articulo) values (42, 28, null, 1, 8);
insert into LINEAVENTA (id_linea_venta, id_venta, pvp, cantidad, id_articulo) values (43, 29, null, 1, 34);
insert into LINEAVENTA (id_linea_venta, id_venta, pvp, cantidad, id_articulo) values (44, 192, null, 1, 1);
insert into LINEAVENTA (id_linea_venta, id_venta, pvp, cantidad, id_articulo) values (45, 124, null, 2, 18);
insert into LINEAVENTA (id_linea_venta, id_venta, pvp, cantidad, id_articulo) values (46, 199, null, 2, 24);
insert into LINEAVENTA (id_linea_venta, id_venta, pvp, cantidad, id_articulo) values (47, 77, null, 2, 13);
insert into LINEAVENTA (id_linea_venta, id_venta, pvp, cantidad, id_articulo) values (48, 232, null, 2, 11);
insert into LINEAVENTA (id_linea_venta, id_venta, pvp, cantidad, id_articulo) values (49, 193, null, 1, 14);
insert into LINEAVENTA (id_linea_venta, id_venta, pvp, cantidad, id_articulo) values (50, 34, null, 1, 25);
insert into LINEAVENTA (id_linea_venta, id_venta, pvp, cantidad, id_articulo) values (51, 182, null, 1, 4);
insert into LINEAVENTA (id_linea_venta, id_venta, pvp, cantidad, id_articulo) values (52, 241, null, 1, 6);
insert into LINEAVENTA (id_linea_venta, id_venta, pvp, cantidad, id_articulo) values (53, 63, null, 1, 32);
insert into LINEAVENTA (id_linea_venta, id_venta, pvp, cantidad, id_articulo) values (54, 123, null, 2, 4);
insert into LINEAVENTA (id_linea_venta, id_venta, pvp, cantidad, id_articulo) values (55, 60, null, 1, 22);
insert into LINEAVENTA (id_linea_venta, id_venta, pvp, cantidad, id_articulo) values (56, 294, null, 1, 35);
insert into LINEAVENTA (id_linea_venta, id_venta, pvp, cantidad, id_articulo) values (57, 218, null, 2, 18);
insert into LINEAVENTA (id_linea_venta, id_venta, pvp, cantidad, id_articulo) values (58, 220, null, 2, 5);
insert into LINEAVENTA (id_linea_venta, id_venta, pvp, cantidad, id_articulo) values (59, 32, null, 2, 30);
insert into LINEAVENTA (id_linea_venta, id_venta, pvp, cantidad, id_articulo) values (60, 183, null, 1, 37);
insert into LINEAVENTA (id_linea_venta, id_venta, pvp, cantidad, id_articulo) values (61, 186, null, 1, 3);
insert into LINEAVENTA (id_linea_venta, id_venta, pvp, cantidad, id_articulo) values (62, 171, null, 2, 30);
insert into LINEAVENTA (id_linea_venta, id_venta, pvp, cantidad, id_articulo) values (63, 271, null, 1, 27);
insert into LINEAVENTA (id_linea_venta, id_venta, pvp, cantidad, id_articulo) values (64, 119, null, 2, 29);
insert into LINEAVENTA (id_linea_venta, id_venta, pvp, cantidad, id_articulo) values (65, 128, null, 2, 17);
insert into LINEAVENTA (id_linea_venta, id_venta, pvp, cantidad, id_articulo) values (66, 45, null, 2, 2);
insert into LINEAVENTA (id_linea_venta, id_venta, pvp, cantidad, id_articulo) values (67, 116, null, 2, 20);
insert into LINEAVENTA (id_linea_venta, id_venta, pvp, cantidad, id_articulo) values (68, 117, null, 1, 36);
insert into LINEAVENTA (id_linea_venta, id_venta, pvp, cantidad, id_articulo) values (69, 276, null, 2, 4);
insert into LINEAVENTA (id_linea_venta, id_venta, pvp, cantidad, id_articulo) values (70, 283, null, 2, 8);
insert into LINEAVENTA (id_linea_venta, id_venta, pvp, cantidad, id_articulo) values (71, 129, null, 1, 24);
insert into LINEAVENTA (id_linea_venta, id_venta, pvp, cantidad, id_articulo) values (72, 248, null, 2, 37);
insert into LINEAVENTA (id_linea_venta, id_venta, pvp, cantidad, id_articulo) values (73, 221, null, 1, 32);
insert into LINEAVENTA (id_linea_venta, id_venta, pvp, cantidad, id_articulo) values (74, 5, null, 1, 23);
insert into LINEAVENTA (id_linea_venta, id_venta, pvp, cantidad, id_articulo) values (75, 215, null, 1, 29);
insert into LINEAVENTA (id_linea_venta, id_venta, pvp, cantidad, id_articulo) values (76, 99, null, 2, 31);
insert into LINEAVENTA (id_linea_venta, id_venta, pvp, cantidad, id_articulo) values (77, 97, null, 2, 20);
insert into LINEAVENTA (id_linea_venta, id_venta, pvp, cantidad, id_articulo) values (78, 49, null, 1, 25);
insert into LINEAVENTA (id_linea_venta, id_venta, pvp, cantidad, id_articulo) values (79, 262, null, 1, 15);
insert into LINEAVENTA (id_linea_venta, id_venta, pvp, cantidad, id_articulo) values (80, 113, null, 2, 20);
insert into LINEAVENTA (id_linea_venta, id_venta, pvp, cantidad, id_articulo) values (81, 190, null, 1, 18);
insert into LINEAVENTA (id_linea_venta, id_venta, pvp, cantidad, id_articulo) values (82, 5, null, 2, 21);
insert into LINEAVENTA (id_linea_venta, id_venta, pvp, cantidad, id_articulo) values (83, 46, null, 2, 18);
insert into LINEAVENTA (id_linea_venta, id_venta, pvp, cantidad, id_articulo) values (84, 266, null, 1, 28);
insert into LINEAVENTA (id_linea_venta, id_venta, pvp, cantidad, id_articulo) values (85, 293, null, 2, 21);
insert into LINEAVENTA (id_linea_venta, id_venta, pvp, cantidad, id_articulo) values (86, 300, null, 1, 15);
insert into LINEAVENTA (id_linea_venta, id_venta, pvp, cantidad, id_articulo) values (87, 238, null, 1, 33);
insert into LINEAVENTA (id_linea_venta, id_venta, pvp, cantidad, id_articulo) values (88, 62, null, 1, 17);
insert into LINEAVENTA (id_linea_venta, id_venta, pvp, cantidad, id_articulo) values (89, 215, null, 1, 20);
insert into LINEAVENTA (id_linea_venta, id_venta, pvp, cantidad, id_articulo) values (90, 140, null, 2, 7);
insert into LINEAVENTA (id_linea_venta, id_venta, pvp, cantidad, id_articulo) values (91, 155, null, 1, 31);
insert into LINEAVENTA (id_linea_venta, id_venta, pvp, cantidad, id_articulo) values (92, 251, null, 2, 14);
insert into LINEAVENTA (id_linea_venta, id_venta, pvp, cantidad, id_articulo) values (93, 230, null, 2, 28);
insert into LINEAVENTA (id_linea_venta, id_venta, pvp, cantidad, id_articulo) values (94, 112, null, 1, 7);
insert into LINEAVENTA (id_linea_venta, id_venta, pvp, cantidad, id_articulo) values (95, 136, null, 1, 28);
insert into LINEAVENTA (id_linea_venta, id_venta, pvp, cantidad, id_articulo) values (96, 39, null, 2, 30);
insert into LINEAVENTA (id_linea_venta, id_venta, pvp, cantidad, id_articulo) values (97, 269, null, 1, 20);
insert into LINEAVENTA (id_linea_venta, id_venta, pvp, cantidad, id_articulo) values (98, 185, null, 1, 14);
insert into LINEAVENTA (id_linea_venta, id_venta, pvp, cantidad, id_articulo) values (99, 265, null, 2, 8);
insert into LINEAVENTA (id_linea_venta, id_venta, pvp, cantidad, id_articulo) values (100, 45, null, 2, 28);
insert into LINEAVENTA (id_linea_venta, id_venta, pvp, cantidad, id_articulo) values (101, 95, null, 2, 9);
insert into LINEAVENTA (id_linea_venta, id_venta, pvp, cantidad, id_articulo) values (102, 1, null, 1, 30);
insert into LINEAVENTA (id_linea_venta, id_venta, pvp, cantidad, id_articulo) values (103, 82, null, 1, 26);
insert into LINEAVENTA (id_linea_venta, id_venta, pvp, cantidad, id_articulo) values (104, 221, null, 2, 16);
insert into LINEAVENTA (id_linea_venta, id_venta, pvp, cantidad, id_articulo) values (105, 55, null, 1, 19);
insert into LINEAVENTA (id_linea_venta, id_venta, pvp, cantidad, id_articulo) values (106, 150, null, 2, 12);
insert into LINEAVENTA (id_linea_venta, id_venta, pvp, cantidad, id_articulo) values (107, 257, null, 2, 1);
insert into LINEAVENTA (id_linea_venta, id_venta, pvp, cantidad, id_articulo) values (108, 217, null, 2, 1);
insert into LINEAVENTA (id_linea_venta, id_venta, pvp, cantidad, id_articulo) values (109, 129, null, 2, 26);
insert into LINEAVENTA (id_linea_venta, id_venta, pvp, cantidad, id_articulo) values (110, 261, null, 1, 9);
insert into LINEAVENTA (id_linea_venta, id_venta, pvp, cantidad, id_articulo) values (111, 231, null, 2, 1);
insert into LINEAVENTA (id_linea_venta, id_venta, pvp, cantidad, id_articulo) values (112, 158, null, 1, 20);
insert into LINEAVENTA (id_linea_venta, id_venta, pvp, cantidad, id_articulo) values (113, 121, null, 1, 1);
insert into LINEAVENTA (id_linea_venta, id_venta, pvp, cantidad, id_articulo) values (114, 203, null, 1, 27);
insert into LINEAVENTA (id_linea_venta, id_venta, pvp, cantidad, id_articulo) values (115, 69, null, 1, 11);
insert into LINEAVENTA (id_linea_venta, id_venta, pvp, cantidad, id_articulo) values (116, 82, null, 1, 32);
insert into LINEAVENTA (id_linea_venta, id_venta, pvp, cantidad, id_articulo) values (117, 166, null, 1, 4);
insert into LINEAVENTA (id_linea_venta, id_venta, pvp, cantidad, id_articulo) values (118, 96, null, 1, 22);
insert into LINEAVENTA (id_linea_venta, id_venta, pvp, cantidad, id_articulo) values (119, 143, null, 2, 11);
insert into LINEAVENTA (id_linea_venta, id_venta, pvp, cantidad, id_articulo) values (120, 255, null, 2, 5);
insert into LINEAVENTA (id_linea_venta, id_venta, pvp, cantidad, id_articulo) values (121, 63, null, 2, 25);
insert into LINEAVENTA (id_linea_venta, id_venta, pvp, cantidad, id_articulo) values (122, 165, null, 2, 6);
insert into LINEAVENTA (id_linea_venta, id_venta, pvp, cantidad, id_articulo) values (123, 181, null, 1, 35);
insert into LINEAVENTA (id_linea_venta, id_venta, pvp, cantidad, id_articulo) values (124, 183, null, 1, 18);
insert into LINEAVENTA (id_linea_venta, id_venta, pvp, cantidad, id_articulo) values (125, 102, null, 1, 23);
insert into LINEAVENTA (id_linea_venta, id_venta, pvp, cantidad, id_articulo) values (126, 2, null, 2, 24);
insert into LINEAVENTA (id_linea_venta, id_venta, pvp, cantidad, id_articulo) values (127, 136, null, 2, 10);
insert into LINEAVENTA (id_linea_venta, id_venta, pvp, cantidad, id_articulo) values (128, 82, null, 1, 13);
insert into LINEAVENTA (id_linea_venta, id_venta, pvp, cantidad, id_articulo) values (129, 223, null, 2, 4);
insert into LINEAVENTA (id_linea_venta, id_venta, pvp, cantidad, id_articulo) values (130, 126, null, 2, 11);
insert into LINEAVENTA (id_linea_venta, id_venta, pvp, cantidad, id_articulo) values (131, 126, null, 1, 20);
insert into LINEAVENTA (id_linea_venta, id_venta, pvp, cantidad, id_articulo) values (132, 238, null, 2, 13);
insert into LINEAVENTA (id_linea_venta, id_venta, pvp, cantidad, id_articulo) values (133, 149, null, 2, 14);
insert into LINEAVENTA (id_linea_venta, id_venta, pvp, cantidad, id_articulo) values (134, 98, null, 1, 12);
insert into LINEAVENTA (id_linea_venta, id_venta, pvp, cantidad, id_articulo) values (135, 277, null, 2, 9);
insert into LINEAVENTA (id_linea_venta, id_venta, pvp, cantidad, id_articulo) values (136, 278, null, 2, 2);
insert into LINEAVENTA (id_linea_venta, id_venta, pvp, cantidad, id_articulo) values (137, 143, null, 2, 35);
insert into LINEAVENTA (id_linea_venta, id_venta, pvp, cantidad, id_articulo) values (138, 7, null, 1, 20);
insert into LINEAVENTA (id_linea_venta, id_venta, pvp, cantidad, id_articulo) values (139, 130, null, 1, 27);
insert into LINEAVENTA (id_linea_venta, id_venta, pvp, cantidad, id_articulo) values (140, 101, null, 2, 37);
insert into LINEAVENTA (id_linea_venta, id_venta, pvp, cantidad, id_articulo) values (141, 108, null, 2, 7);
insert into LINEAVENTA (id_linea_venta, id_venta, pvp, cantidad, id_articulo) values (142, 180, null, 1, 19);
insert into LINEAVENTA (id_linea_venta, id_venta, pvp, cantidad, id_articulo) values (143, 217, null, 2, 14);
insert into LINEAVENTA (id_linea_venta, id_venta, pvp, cantidad, id_articulo) values (144, 24, null, 2, 16);
insert into LINEAVENTA (id_linea_venta, id_venta, pvp, cantidad, id_articulo) values (145, 162, null, 1, 4);
insert into LINEAVENTA (id_linea_venta, id_venta, pvp, cantidad, id_articulo) values (146, 66, null, 2, 31);
insert into LINEAVENTA (id_linea_venta, id_venta, pvp, cantidad, id_articulo) values (147, 253, null, 1, 20);
insert into LINEAVENTA (id_linea_venta, id_venta, pvp, cantidad, id_articulo) values (148, 29, null, 1, 8);
insert into LINEAVENTA (id_linea_venta, id_venta, pvp, cantidad, id_articulo) values (149, 245, null, 1, 12);
insert into LINEAVENTA (id_linea_venta, id_venta, pvp, cantidad, id_articulo) values (150, 16, null, 1, 14);
insert into LINEAVENTA (id_linea_venta, id_venta, pvp, cantidad, id_articulo) values (151, 188, null, 2, 31);
insert into LINEAVENTA (id_linea_venta, id_venta, pvp, cantidad, id_articulo) values (152, 173, null, 2, 34);
insert into LINEAVENTA (id_linea_venta, id_venta, pvp, cantidad, id_articulo) values (153, 14, null, 1, 9);
insert into LINEAVENTA (id_linea_venta, id_venta, pvp, cantidad, id_articulo) values (154, 226, null, 1, 3);
insert into LINEAVENTA (id_linea_venta, id_venta, pvp, cantidad, id_articulo) values (155, 252, null, 2, 14);
insert into LINEAVENTA (id_linea_venta, id_venta, pvp, cantidad, id_articulo) values (156, 82, null, 1, 2);
insert into LINEAVENTA (id_linea_venta, id_venta, pvp, cantidad, id_articulo) values (157, 247, null, 2, 22);
insert into LINEAVENTA (id_linea_venta, id_venta, pvp, cantidad, id_articulo) values (158, 69, null, 1, 19);
insert into LINEAVENTA (id_linea_venta, id_venta, pvp, cantidad, id_articulo) values (159, 258, null, 2, 12);
insert into LINEAVENTA (id_linea_venta, id_venta, pvp, cantidad, id_articulo) values (160, 51, null, 1, 10);
insert into LINEAVENTA (id_linea_venta, id_venta, pvp, cantidad, id_articulo) values (161, 21, null, 2, 22);
insert into LINEAVENTA (id_linea_venta, id_venta, pvp, cantidad, id_articulo) values (162, 228, null, 2, 15);
insert into LINEAVENTA (id_linea_venta, id_venta, pvp, cantidad, id_articulo) values (163, 218, null, 1, 36);
insert into LINEAVENTA (id_linea_venta, id_venta, pvp, cantidad, id_articulo) values (164, 125, null, 1, 25);
insert into LINEAVENTA (id_linea_venta, id_venta, pvp, cantidad, id_articulo) values (165, 16, null, 1, 8);
insert into LINEAVENTA (id_linea_venta, id_venta, pvp, cantidad, id_articulo) values (166, 299, null, 2, 32);
insert into LINEAVENTA (id_linea_venta, id_venta, pvp, cantidad, id_articulo) values (167, 61, null, 2, 7);
insert into LINEAVENTA (id_linea_venta, id_venta, pvp, cantidad, id_articulo) values (168, 127, null, 2, 29);
insert into LINEAVENTA (id_linea_venta, id_venta, pvp, cantidad, id_articulo) values (169, 156, null, 2, 36);
insert into LINEAVENTA (id_linea_venta, id_venta, pvp, cantidad, id_articulo) values (170, 237, null, 2, 34);
insert into LINEAVENTA (id_linea_venta, id_venta, pvp, cantidad, id_articulo) values (171, 225, null, 2, 17);
insert into LINEAVENTA (id_linea_venta, id_venta, pvp, cantidad, id_articulo) values (172, 164, null, 1, 16);
insert into LINEAVENTA (id_linea_venta, id_venta, pvp, cantidad, id_articulo) values (173, 293, null, 1, 11);
insert into LINEAVENTA (id_linea_venta, id_venta, pvp, cantidad, id_articulo) values (174, 256, null, 2, 28);
insert into LINEAVENTA (id_linea_venta, id_venta, pvp, cantidad, id_articulo) values (175, 284, null, 1, 4);
insert into LINEAVENTA (id_linea_venta, id_venta, pvp, cantidad, id_articulo) values (176, 6, null, 1, 31);
insert into LINEAVENTA (id_linea_venta, id_venta, pvp, cantidad, id_articulo) values (177, 107, null, 1, 30);
insert into LINEAVENTA (id_linea_venta, id_venta, pvp, cantidad, id_articulo) values (178, 297, null, 1, 34);
insert into LINEAVENTA (id_linea_venta, id_venta, pvp, cantidad, id_articulo) values (179, 141, null, 2, 21);
insert into LINEAVENTA (id_linea_venta, id_venta, pvp, cantidad, id_articulo) values (180, 180, null, 1, 33);
insert into LINEAVENTA (id_linea_venta, id_venta, pvp, cantidad, id_articulo) values (181, 31, null, 1, 19);
insert into LINEAVENTA (id_linea_venta, id_venta, pvp, cantidad, id_articulo) values (182, 168, null, 2, 12);
insert into LINEAVENTA (id_linea_venta, id_venta, pvp, cantidad, id_articulo) values (183, 120, null, 1, 31);
insert into LINEAVENTA (id_linea_venta, id_venta, pvp, cantidad, id_articulo) values (184, 116, null, 2, 31);
insert into LINEAVENTA (id_linea_venta, id_venta, pvp, cantidad, id_articulo) values (185, 8, null, 2, 9);
insert into LINEAVENTA (id_linea_venta, id_venta, pvp, cantidad, id_articulo) values (186, 129, null, 1, 6);
insert into LINEAVENTA (id_linea_venta, id_venta, pvp, cantidad, id_articulo) values (187, 205, null, 2, 10);
insert into LINEAVENTA (id_linea_venta, id_venta, pvp, cantidad, id_articulo) values (188, 80, null, 2, 7);
insert into LINEAVENTA (id_linea_venta, id_venta, pvp, cantidad, id_articulo) values (189, 140, null, 2, 27);
insert into LINEAVENTA (id_linea_venta, id_venta, pvp, cantidad, id_articulo) values (190, 55, null, 1, 7);
insert into LINEAVENTA (id_linea_venta, id_venta, pvp, cantidad, id_articulo) values (191, 294, null, 2, 20);
insert into LINEAVENTA (id_linea_venta, id_venta, pvp, cantidad, id_articulo) values (192, 206, null, 2, 18);
insert into LINEAVENTA (id_linea_venta, id_venta, pvp, cantidad, id_articulo) values (193, 7, null, 2, 4);
insert into LINEAVENTA (id_linea_venta, id_venta, pvp, cantidad, id_articulo) values (194, 229, null, 1, 10);
insert into LINEAVENTA (id_linea_venta, id_venta, pvp, cantidad, id_articulo) values (195, 35, null, 2, 34);
insert into LINEAVENTA (id_linea_venta, id_venta, pvp, cantidad, id_articulo) values (196, 214, null, 2, 25);
insert into LINEAVENTA (id_linea_venta, id_venta, pvp, cantidad, id_articulo) values (197, 132, null, 2, 8);
insert into LINEAVENTA (id_linea_venta, id_venta, pvp, cantidad, id_articulo) values (198, 21, null, 1, 26);
insert into LINEAVENTA (id_linea_venta, id_venta, pvp, cantidad, id_articulo) values (199, 220, null, 1, 29);
insert into LINEAVENTA (id_linea_venta, id_venta, pvp, cantidad, id_articulo) values (200, 65, null, 1, 21);
insert into LINEAVENTA (id_linea_venta, id_venta, pvp, cantidad, id_articulo) values (201, 30, null, 1, 28);
insert into LINEAVENTA (id_linea_venta, id_venta, pvp, cantidad, id_articulo) values (202, 196, null, 2, 28);
insert into LINEAVENTA (id_linea_venta, id_venta, pvp, cantidad, id_articulo) values (203, 5, null, 2, 24);
insert into LINEAVENTA (id_linea_venta, id_venta, pvp, cantidad, id_articulo) values (204, 40, null, 1, 12);
insert into LINEAVENTA (id_linea_venta, id_venta, pvp, cantidad, id_articulo) values (205, 67, null, 2, 8);
insert into LINEAVENTA (id_linea_venta, id_venta, pvp, cantidad, id_articulo) values (206, 277, null, 1, 14);
insert into LINEAVENTA (id_linea_venta, id_venta, pvp, cantidad, id_articulo) values (207, 152, null, 1, 8);
insert into LINEAVENTA (id_linea_venta, id_venta, pvp, cantidad, id_articulo) values (208, 57, null, 2, 34);
insert into LINEAVENTA (id_linea_venta, id_venta, pvp, cantidad, id_articulo) values (209, 158, null, 2, 34);
insert into LINEAVENTA (id_linea_venta, id_venta, pvp, cantidad, id_articulo) values (210, 71, null, 2, 23);
insert into LINEAVENTA (id_linea_venta, id_venta, pvp, cantidad, id_articulo) values (211, 183, null, 1, 19);
insert into LINEAVENTA (id_linea_venta, id_venta, pvp, cantidad, id_articulo) values (212, 157, null, 2, 13);
insert into LINEAVENTA (id_linea_venta, id_venta, pvp, cantidad, id_articulo) values (213, 230, null, 1, 22);
insert into LINEAVENTA (id_linea_venta, id_venta, pvp, cantidad, id_articulo) values (214, 138, null, 2, 21);
insert into LINEAVENTA (id_linea_venta, id_venta, pvp, cantidad, id_articulo) values (215, 45, null, 2, 20);
insert into LINEAVENTA (id_linea_venta, id_venta, pvp, cantidad, id_articulo) values (216, 206, null, 2, 16);
insert into LINEAVENTA (id_linea_venta, id_venta, pvp, cantidad, id_articulo) values (217, 17, null, 2, 18);
insert into LINEAVENTA (id_linea_venta, id_venta, pvp, cantidad, id_articulo) values (218, 255, null, 1, 17);
insert into LINEAVENTA (id_linea_venta, id_venta, pvp, cantidad, id_articulo) values (219, 72, null, 1, 15);
insert into LINEAVENTA (id_linea_venta, id_venta, pvp, cantidad, id_articulo) values (220, 85, null, 1, 18);
insert into LINEAVENTA (id_linea_venta, id_venta, pvp, cantidad, id_articulo) values (221, 28, null, 2, 29);
insert into LINEAVENTA (id_linea_venta, id_venta, pvp, cantidad, id_articulo) values (222, 107, null, 1, 28);
insert into LINEAVENTA (id_linea_venta, id_venta, pvp, cantidad, id_articulo) values (223, 100, null, 2, 31);
insert into LINEAVENTA (id_linea_venta, id_venta, pvp, cantidad, id_articulo) values (224, 90, null, 2, 25);
insert into LINEAVENTA (id_linea_venta, id_venta, pvp, cantidad, id_articulo) values (225, 129, null, 1, 18);
insert into LINEAVENTA (id_linea_venta, id_venta, pvp, cantidad, id_articulo) values (226, 24, null, 1, 17);
insert into LINEAVENTA (id_linea_venta, id_venta, pvp, cantidad, id_articulo) values (227, 216, null, 1, 24);
insert into LINEAVENTA (id_linea_venta, id_venta, pvp, cantidad, id_articulo) values (228, 49, null, 1, 27);
insert into LINEAVENTA (id_linea_venta, id_venta, pvp, cantidad, id_articulo) values (229, 239, null, 2, 7);
insert into LINEAVENTA (id_linea_venta, id_venta, pvp, cantidad, id_articulo) values (230, 252, null, 2, 8);
insert into LINEAVENTA (id_linea_venta, id_venta, pvp, cantidad, id_articulo) values (231, 139, null, 2, 29);
insert into LINEAVENTA (id_linea_venta, id_venta, pvp, cantidad, id_articulo) values (232, 222, null, 1, 22);
insert into LINEAVENTA (id_linea_venta, id_venta, pvp, cantidad, id_articulo) values (233, 95, null, 2, 37);
insert into LINEAVENTA (id_linea_venta, id_venta, pvp, cantidad, id_articulo) values (234, 259, null, 1, 10);
insert into LINEAVENTA (id_linea_venta, id_venta, pvp, cantidad, id_articulo) values (235, 130, null, 1, 18);
insert into LINEAVENTA (id_linea_venta, id_venta, pvp, cantidad, id_articulo) values (236, 140, null, 1, 7);
insert into LINEAVENTA (id_linea_venta, id_venta, pvp, cantidad, id_articulo) values (237, 108, null, 1, 30);
insert into LINEAVENTA (id_linea_venta, id_venta, pvp, cantidad, id_articulo) values (238, 129, null, 1, 27);
insert into LINEAVENTA (id_linea_venta, id_venta, pvp, cantidad, id_articulo) values (239, 213, null, 1, 7);
insert into LINEAVENTA (id_linea_venta, id_venta, pvp, cantidad, id_articulo) values (240, 66, null, 2, 36);
insert into LINEAVENTA (id_linea_venta, id_venta, pvp, cantidad, id_articulo) values (241, 47, null, 1, 5);
insert into LINEAVENTA (id_linea_venta, id_venta, pvp, cantidad, id_articulo) values (242, 177, null, 2, 33);
insert into LINEAVENTA (id_linea_venta, id_venta, pvp, cantidad, id_articulo) values (243, 97, null, 1, 16);
insert into LINEAVENTA (id_linea_venta, id_venta, pvp, cantidad, id_articulo) values (244, 49, null, 1, 2);
insert into LINEAVENTA (id_linea_venta, id_venta, pvp, cantidad, id_articulo) values (245, 115, null, 1, 36);
insert into LINEAVENTA (id_linea_venta, id_venta, pvp, cantidad, id_articulo) values (246, 177, null, 2, 18);
insert into LINEAVENTA (id_linea_venta, id_venta, pvp, cantidad, id_articulo) values (247, 34, null, 2, 33);
insert into LINEAVENTA (id_linea_venta, id_venta, pvp, cantidad, id_articulo) values (248, 32, null, 1, 9);
insert into LINEAVENTA (id_linea_venta, id_venta, pvp, cantidad, id_articulo) values (249, 83, null, 2, 32);
insert into LINEAVENTA (id_linea_venta, id_venta, pvp, cantidad, id_articulo) values (250, 15, null, 2, 33);
insert into LINEAVENTA (id_linea_venta, id_venta, pvp, cantidad, id_articulo) values (251, 32, null, 2, 17);
insert into LINEAVENTA (id_linea_venta, id_venta, pvp, cantidad, id_articulo) values (252, 4, null, 1, 33);
insert into LINEAVENTA (id_linea_venta, id_venta, pvp, cantidad, id_articulo) values (253, 73, null, 2, 12);
insert into LINEAVENTA (id_linea_venta, id_venta, pvp, cantidad, id_articulo) values (254, 234, null, 2, 24);
insert into LINEAVENTA (id_linea_venta, id_venta, pvp, cantidad, id_articulo) values (255, 135, null, 2, 35);
insert into LINEAVENTA (id_linea_venta, id_venta, pvp, cantidad, id_articulo) values (256, 139, null, 1, 24);
insert into LINEAVENTA (id_linea_venta, id_venta, pvp, cantidad, id_articulo) values (257, 205, null, 1, 34);
insert into LINEAVENTA (id_linea_venta, id_venta, pvp, cantidad, id_articulo) values (258, 224, null, 1, 17);
insert into LINEAVENTA (id_linea_venta, id_venta, pvp, cantidad, id_articulo) values (259, 250, null, 1, 8);
insert into LINEAVENTA (id_linea_venta, id_venta, pvp, cantidad, id_articulo) values (260, 61, null, 1, 1);
insert into LINEAVENTA (id_linea_venta, id_venta, pvp, cantidad, id_articulo) values (261, 10, null, 2, 3);
insert into LINEAVENTA (id_linea_venta, id_venta, pvp, cantidad, id_articulo) values (262, 263, null, 2, 19);
insert into LINEAVENTA (id_linea_venta, id_venta, pvp, cantidad, id_articulo) values (263, 87, null, 2, 1);
insert into LINEAVENTA (id_linea_venta, id_venta, pvp, cantidad, id_articulo) values (264, 94, null, 2, 27);
insert into LINEAVENTA (id_linea_venta, id_venta, pvp, cantidad, id_articulo) values (265, 78, null, 2, 26);
insert into LINEAVENTA (id_linea_venta, id_venta, pvp, cantidad, id_articulo) values (266, 100, null, 2, 17);
insert into LINEAVENTA (id_linea_venta, id_venta, pvp, cantidad, id_articulo) values (267, 203, null, 1, 19);
insert into LINEAVENTA (id_linea_venta, id_venta, pvp, cantidad, id_articulo) values (268, 161, null, 2, 4);
insert into LINEAVENTA (id_linea_venta, id_venta, pvp, cantidad, id_articulo) values (269, 83, null, 1, 12);
insert into LINEAVENTA (id_linea_venta, id_venta, pvp, cantidad, id_articulo) values (270, 213, null, 2, 33);
insert into LINEAVENTA (id_linea_venta, id_venta, pvp, cantidad, id_articulo) values (271, 217, null, 2, 11);
insert into LINEAVENTA (id_linea_venta, id_venta, pvp, cantidad, id_articulo) values (272, 70, null, 1, 10);
insert into LINEAVENTA (id_linea_venta, id_venta, pvp, cantidad, id_articulo) values (273, 45, null, 1, 14);
insert into LINEAVENTA (id_linea_venta, id_venta, pvp, cantidad, id_articulo) values (274, 199, null, 1, 17);
insert into LINEAVENTA (id_linea_venta, id_venta, pvp, cantidad, id_articulo) values (275, 134, null, 2, 18);
insert into LINEAVENTA (id_linea_venta, id_venta, pvp, cantidad, id_articulo) values (276, 239, null, 1, 4);
insert into LINEAVENTA (id_linea_venta, id_venta, pvp, cantidad, id_articulo) values (277, 140, null, 1, 24);
insert into LINEAVENTA (id_linea_venta, id_venta, pvp, cantidad, id_articulo) values (278, 243, null, 2, 23);
insert into LINEAVENTA (id_linea_venta, id_venta, pvp, cantidad, id_articulo) values (279, 187, null, 1, 16);
insert into LINEAVENTA (id_linea_venta, id_venta, pvp, cantidad, id_articulo) values (280, 172, null, 1, 17);
insert into LINEAVENTA (id_linea_venta, id_venta, pvp, cantidad, id_articulo) values (281, 226, null, 2, 30);
insert into LINEAVENTA (id_linea_venta, id_venta, pvp, cantidad, id_articulo) values (282, 171, null, 2, 27);
insert into LINEAVENTA (id_linea_venta, id_venta, pvp, cantidad, id_articulo) values (283, 283, null, 2, 19);
insert into LINEAVENTA (id_linea_venta, id_venta, pvp, cantidad, id_articulo) values (284, 72, null, 1, 30);
insert into LINEAVENTA (id_linea_venta, id_venta, pvp, cantidad, id_articulo) values (285, 66, null, 2, 34);
insert into LINEAVENTA (id_linea_venta, id_venta, pvp, cantidad, id_articulo) values (286, 75, null, 1, 7);
insert into LINEAVENTA (id_linea_venta, id_venta, pvp, cantidad, id_articulo) values (287, 177, null, 1, 7);
insert into LINEAVENTA (id_linea_venta, id_venta, pvp, cantidad, id_articulo) values (288, 108, null, 2, 18);
insert into LINEAVENTA (id_linea_venta, id_venta, pvp, cantidad, id_articulo) values (289, 271, null, 1, 24);
insert into LINEAVENTA (id_linea_venta, id_venta, pvp, cantidad, id_articulo) values (290, 168, null, 1, 21);
insert into LINEAVENTA (id_linea_venta, id_venta, pvp, cantidad, id_articulo) values (291, 215, null, 1, 2);
insert into LINEAVENTA (id_linea_venta, id_venta, pvp, cantidad, id_articulo) values (292, 287, null, 2, 11);
insert into LINEAVENTA (id_linea_venta, id_venta, pvp, cantidad, id_articulo) values (293, 72, null, 1, 37);
insert into LINEAVENTA (id_linea_venta, id_venta, pvp, cantidad, id_articulo) values (294, 132, null, 2, 8);
insert into LINEAVENTA (id_linea_venta, id_venta, pvp, cantidad, id_articulo) values (295, 7, null, 1, 22);
insert into LINEAVENTA (id_linea_venta, id_venta, pvp, cantidad, id_articulo) values (296, 130, null, 2, 2);
insert into LINEAVENTA (id_linea_venta, id_venta, pvp, cantidad, id_articulo) values (297, 55, null, 2, 27);
insert into LINEAVENTA (id_linea_venta, id_venta, pvp, cantidad, id_articulo) values (298, 111, null, 1, 10);
insert into LINEAVENTA (id_linea_venta, id_venta, pvp, cantidad, id_articulo) values (299, 116, null, 2, 3);
insert into LINEAVENTA (id_linea_venta, id_venta, pvp, cantidad, id_articulo) values (300, 248, null, 2, 15);




ALTER SEQUENCE hibernate_sequence RESTART WITH 1050;