insert into cliente (id_cliente, nombre, apellidos, email, telefono, password, direccion, municipio, dni, username, admin) values (1,   'NAYAN', 'MATESANZ', 'kheckle@0theguardian.com', '+62-945-315-1504', 'qLJQM8o7D', 'Calle de la Fuente', ' Huelva', '02074981R', 'NAYA',FALSE);
insert into cliente (id_cliente, nombre, apellidos, email, telefono, password, direccion, municipio, dni, username, admin) values (2,   'JOSELE APOLINAR', 'FERIA', 'egebhard1@de.vu', '+385-722-164-1596', 'WepmewSz77Mi', 'Calle del Cid', ' Jerez de la Frontera', '27429467L', 'JOSE',FALSE);
insert into cliente (id_cliente, nombre, apellidos, email, telefono, password, direccion, municipio, dni, username, admin) values (3,   'SANTIAGO CARLOS', 'SOUTELO', 'cparminter2@nbcnews.com', '+351-167-685-1405', 'UqStOKQ', 'Avenida de las Palmeras', ' Algeciras', '21022292I', 'SANT',FALSE);
insert into cliente (id_cliente, nombre, apellidos, email, telefono, password, direccion, municipio, dni, username, admin) values (4,   'FERNANDO FRANCISCO', 'JANSEN', 'bbrickell3@adobe.com', '+62-501-699-5080', 'i3UxU6BuDE3', 'Paseo del Parque', ' Fuengirola', '10519801T', 'FERN',FALSE);
insert into cliente (id_cliente, nombre, apellidos, email, telefono, password, direccion, municipio, dni, username, admin) values (5,   'CIPRIANO MANUEL', 'ANERO', 'awidocks4@biglobe.ne.jp', '+86-815-841-0803', 'xSNcwvf2FdK7', 'Calle de la Cruz', ' Granada', '16031422H', 'CIPR',FALSE);
insert into cliente (id_cliente, nombre, apellidos, email, telefono, password, direccion, municipio, dni, username, admin) values (6,   'ABDEL', 'JODRA', 'glukasen5@patch.com', '+359-731-384-7911', 'xYd2PLpnC0', 'Calle de la Estrella', ' Loja', '77863022S', 'ABDE',FALSE);
insert into cliente (id_cliente, nombre, apellidos, email, telefono, password, direccion, municipio, dni, username, admin) values (7,   'VICENT LLUIS', 'BOSCA', 'wramm6@bravesites.com', '+86-211-217-7615', 'LCEZcTVy5OZ', 'Avenida de la Palmera', ' Córdoba', '24017762I', 'VICE',FALSE);
insert into cliente (id_cliente, nombre, apellidos, email, telefono, password, direccion, municipio, dni, username, admin) values (8,   'FELIX SALVADOR', 'NASIR', 'igulk7@bloglovin.com', '+1-392-646-3655', '8JJjfKm', 'Calle de la Victoria', ' Sanlúcar de Barrameda', '60943653Q', 'FELI',FALSE);
insert into cliente (id_cliente, nombre, apellidos, email, telefono, password, direccion, municipio, dni, username, admin) values (9,   'ESPIRIDION', 'ESPUÑES', 'lspadotto8@wisc.edu', '+48-621-518-4699', 'EyOCw5xx', 'Paseo de la Rambla', ' Campillos', '67860631I', 'ESPI',FALSE);
insert into cliente (id_cliente, nombre, apellidos, email, telefono, password, direccion, municipio, dni, username, admin) values (10,  'DANIEL FERMIN', 'BEISTEGUI', 'ldee9@cbsnews.com', '+55-540-675-2904', 'uNuFoOl4KoLe', 'Paseo de la Alameda', ' Málaga', '22917314S', 'DANI',FALSE);
insert into cliente (id_cliente, nombre, apellidos, email, telefono, password, direccion, municipio, dni, username, admin) values (11,  'SALVADOR ALFONSO', 'DE MARCOS', 'rtonna@1688.com', '+351-413-825-0053', 'zUdV62zRu7hp', 'Paseo de la Estación', ' Antequera', '34563023X', 'SALV',FALSE);
insert into cliente (id_cliente, nombre, apellidos, email, telefono, password, direccion, municipio, dni, username, admin) values (12,  'JOSE HERMINIO', 'SUAÑA', 'vabbieb@vistaprint.com', '+62-466-929-3481', 'udqQTKzxcQsb', 'Calle de la Iglesia', ' Albox', '99344164W', 'JOSE',FALSE);
insert into cliente (id_cliente, nombre, apellidos, email, telefono, password, direccion, municipio, dni, username, admin) values (13,  'JULIAN CESAR', 'ESPLUGAS', 'mpurslowc@unc.edu', '+381-697-817-4437', 'DVP4KB9Ujs', 'Calle del Castillo', ' Lebrija', '67576779K', 'JULI',FALSE);
insert into cliente (id_cliente, nombre, apellidos, email, telefono, password, direccion, municipio, dni, username, admin) values (14,  'MANUEL MARCELO', 'LAI', 'igallgherd@bizjournals.com', '+62-353-986-9052', 'rQTe2f5cq0eq', 'Plaza del Duque', ' Castilleja de la Cuesta', '03312388A', 'MANU',FALSE);

insert into venta (id_venta, fecha, cliente_id_cliente, trabajador_id_trabajador) values (1, '2022-02-08',1, 1);
insert into venta (id_venta, fecha, cliente_id_cliente, trabajador_id_trabajador) values (2, '2021-05-09',2, 2);
insert into venta (id_venta, fecha, cliente_id_cliente, trabajador_id_trabajador) values (3, '2021-02-25',6, 1);
insert into venta (id_venta, fecha, cliente_id_cliente, trabajador_id_trabajador) values (4, '2022-04-03',3, 2);
insert into venta (id_venta, fecha, cliente_id_cliente, trabajador_id_trabajador) values (5, '2020-07-19',4, 1);
insert into venta (id_venta, fecha, cliente_id_cliente, trabajador_id_trabajador) values (6, '2022-02-28',5, 2);
insert into venta (id_venta, fecha, cliente_id_cliente, trabajador_id_trabajador) values (7, '2022-02-10',6, 1);
insert into venta (id_venta, fecha, cliente_id_cliente, trabajador_id_trabajador) values (8, '2022-10-27',7, 2);
insert into venta (id_venta, fecha, cliente_id_cliente, trabajador_id_trabajador) values (9, '2023-03-14',8, 1);
insert into venta (id_venta, fecha, cliente_id_cliente, trabajador_id_trabajador) values (10, '2021-07-24', 9, 2);
insert into venta (id_venta, fecha, cliente_id_cliente, trabajador_id_trabajador) values (11, '2022-10-01', 10, 1);
insert into venta (id_venta, fecha, cliente_id_cliente, trabajador_id_trabajador) values (12, '2021-12-25', 11, 2);
insert into venta (id_venta, fecha, cliente_id_cliente, trabajador_id_trabajador) values (13, '2021-12-04', 12, 1);
insert into venta (id_venta, fecha, cliente_id_cliente, trabajador_id_trabajador) values (14, '2020-12-17', 13, 2);
insert into venta (id_venta, fecha, cliente_id_cliente, trabajador_id_trabajador) values (15, '2022-12-08', 1, 1);
insert into venta (id_venta, fecha, cliente_id_cliente, trabajador_id_trabajador) values (16, '2022-07-25', 2, 2);
insert into venta (id_venta, fecha, cliente_id_cliente, trabajador_id_trabajador) values (17, '2020-06-13', 3, 1);
insert into venta (id_venta, fecha, cliente_id_cliente, trabajador_id_trabajador) values (18, '2022-09-27', 5, 2);

insert into trabajador (id_trabajador, sueldo, dni, direccion, nombre, apellidos, telefono, municipio) values (1, 3000, '70949233M', 'Calle de la Estrella', 'JUAN NICASIO', 'ARDUENGO', '+63-437-649-4027', ' Loja');
insert into trabajador (id_trabajador, sueldo, dni, direccion, nombre, apellidos, telefono, municipio) values (2, 1500, '15340247M', 'Calle del Mar', 'LEANDRO', 'BLANCA', '+86-491-451-5949', ' Almería');

ALTER SEQUENCE hibernate_sequence RESTART WITH 1050;